facility_name,day,bucket_index,time_bucket_15,avg_percent,sample_count,median_percent,p75_percent,confidence
Main Gym Fitness Gym,Monday,24,06:00,1.0,5,1.0,1.0,Low
Main Gym Fitness Gym,Monday,25,06:15,4.4,5,4.0,8.0,Low
Main Gym Fitness Gym,Monday,26,06:30,17.2,5,17.0,24.0,Low
Main Gym Fitness Gym,Monday,27,06:45,14.4,5,15.0,17.0,Low
Main Gym Fitness Gym,Monday,28,07:00,18.6,5,18.0,19.0,Low
Main Gym Fitness Gym,Monday,29,07:15,10.2,5,10.0,14.0,Low
Main Gym Fitness Gym,Monday,30,07:30,10.0,5,10.0,14.0,Low
Main Gym Fitness Gym,Monday,31,07:45,13.8,5,11.0,14.0,Low
Main Gym Fitness Gym,Monday,32,08:00,27.0,5,25.0,29.0,Low
Main Gym Fitness Gym,Monday,33,08:15,22.0,5,22.0,22.0,Low
Main Gym Fitness Gym,Monday,34,08:30,21.2,5,22.0,24.0,Low
Main Gym Fitness Gym,Monday,35,08:45,19.2,5,17.0,24.0,Low
Main Gym Fitness Gym,Monday,36,09:00,22.2,5,19.0,24.0,Low
Main Gym Fitness Gym,Monday,37,09:15,17.0,5,18.0,21.0,Low
Main Gym Fitness Gym,Monday,38,09:30,30.8,5,29.0,29.0,Low
Main Gym Fitness Gym,Monday,39,09:45,26.0,5,24.0,29.0,Low
Main Gym Fitness Gym,Monday,40,10:00,47.8,5,24.0,25.0,Low
Main Gym Fitness Gym,Monday,41,10:15,25.0,5,24.0,28.0,Low
Main Gym Fitness Gym,Monday,42,10:30,22.4,5,24.0,24.0,Low
Main Gym Fitness Gym,Monday,43,10:45,29.2,5,32.0,33.0,Low
Main Gym Fitness Gym,Monday,44,11:00,40.0,5,38.0,46.0,Low
Main Gym Fitness Gym,Monday,45,11:15,33.2,5,35.0,38.0,Low
Main Gym Fitness Gym,Monday,46,11:30,29.8,5,29.0,31.0,Low
Main Gym Fitness Gym,Monday,47,11:45,84.5,4,37.0,91.0,Low
Main Gym Fitness Gym,Monday,48,12:00,41.75,4,41.0,45.25,Low
Main Gym Fitness Gym,Monday,49,12:15,37.0,5,39.0,39.0,Low
Main Gym Fitness Gym,Monday,50,12:30,33.8,5,36.0,38.0,Low
Main Gym Fitness Gym,Monday,51,12:45,33.8,5,38.0,39.0,Low
Main Gym Fitness Gym,Monday,52,13:00,41.8,5,36.0,40.0,Low
Main Gym Fitness Gym,Monday,53,13:15,86.0,5,42.0,57.0,Low
Main Gym Fitness Gym,Monday,54,13:30,41.2,5,44.0,50.0,Low
Main Gym Fitness Gym,Monday,55,13:45,34.0,5,32.0,42.0,Low
Main Gym Fitness Gym,Monday,56,14:00,47.0,5,44.0,57.0,Low
Main Gym Fitness Gym,Monday,57,14:15,32.5,4,31.0,36.5,Low
Main Gym Fitness Gym,Monday,58,14:30,38.75,4,36.0,41.75,Low
Main Gym Fitness Gym,Monday,59,14:45,32.0,3,35.0,37.5,Low
Main Gym Fitness Gym,Monday,60,15:00,37.75,4,37.5,43.25,Low
Main Gym Fitness Gym,Monday,61,15:15,34.5,4,33.5,40.25,Low
Main Gym Fitness Gym,Monday,62,15:30,34.0,3,38.0,38.0,Low
Main Gym Fitness Gym,Monday,63,15:45,37.666666666666664,3,35.0,40.5,Low
Main Gym Fitness Gym,Monday,64,16:00,115.33333333333333,3,39.0,159.0,Low
Main Gym Fitness Gym,Monday,65,16:15,43.0,3,44.0,47.0,Low
Main Gym Fitness Gym,Monday,66,16:30,50.666666666666664,3,54.0,61.5,Low
Main Gym Fitness Gym,Monday,67,16:45,52.0,3,49.0,56.5,Low
Main Gym Fitness Gym,Monday,68,17:00,37.666666666666664,3,40.0,44.5,Low
Main Gym Fitness Gym,Monday,69,17:15,43.0,4,41.5,47.0,Low
Main Gym Fitness Gym,Monday,70,17:30,54.0,4,53.5,59.75,Low
Main Gym Fitness Gym,Monday,71,17:45,43.666666666666664,3,40.0,48.0,Low
Main Gym Fitness Gym,Monday,72,18:00,96.5,4,50.5,101.5,Low
Main Gym Fitness Gym,Monday,73,18:15,45.5,4,51.0,57.25,Low
Main Gym Fitness Gym,Monday,74,18:30,93.0,4,35.5,96.5,Low
Main Gym Fitness Gym,Monday,75,18:45,46.75,4,45.0,52.75,Low
Main Gym Fitness Gym,Monday,76,19:00,44.5,4,41.5,46.5,Low
Main Gym Fitness Gym,Monday,77,19:15,50.5,4,48.5,55.25,Low
Main Gym Fitness Gym,Monday,78,19:30,43.0,4,44.5,50.25,Low
Main Gym Fitness Gym,Monday,79,19:45,95.75,4,52.0,106.25,Low
Main Gym Fitness Gym,Monday,80,20:00,45.75,4,37.5,50.5,Low
Main Gym Fitness Gym,Monday,81,20:15,37.75,4,33.5,41.0,Low
Main Gym Fitness Gym,Monday,82,20:30,48.5,4,47.0,52.5,Low
Main Gym Fitness Gym,Monday,83,20:45,36.5,4,39.5,44.5,Low
Main Gym Fitness Gym,Monday,84,21:00,36.5,4,38.5,39.25,Low
Main Gym Fitness Gym,Monday,85,21:15,48.0,4,40.5,59.0,Low
Main Gym Fitness Gym,Monday,86,21:30,46.0,4,42.0,48.0,Low
Main Gym Fitness Gym,Monday,87,21:45,42.0,4,42.0,51.5,Low
Main Gym Fitness Gym,Monday,88,22:00,41.5,4,45.5,47.5,Low
Main Gym Fitness Gym,Monday,89,22:15,35.5,4,32.5,36.25,Low
Main Gym Fitness Gym,Monday,90,22:30,30.25,4,28.5,35.25,Low
Main Gym Fitness Gym,Monday,91,22:45,26.5,4,27.5,36.0,Low
Main Gym Fitness Gym,Tuesday,24,06:00,1.75,4,1.0,1.75,Low
Main Gym Fitness Gym,Tuesday,25,06:15,13.75,4,15.0,15.0,Low
Main Gym Fitness Gym,Tuesday,26,06:30,20.0,4,20.5,22.75,Low
Main Gym Fitness Gym,Tuesday,27,06:45,13.5,4,10.5,19.25,Low
Main Gym Fitness Gym,Tuesday,28,07:00,15.75,4,15.5,20.25,Low
Main Gym Fitness Gym,Tuesday,29,07:15,13.0,4,13.0,14.25,Low
Main Gym Fitness Gym,Tuesday,30,07:30,15.5,4,18.0,19.75,Low
Main Gym Fitness Gym,Tuesday,31,07:45,39.0,4,18.0,40.0,Low
Main Gym Fitness Gym,Tuesday,32,08:00,61.25,4,30.0,67.0,Low
Main Gym Fitness Gym,Tuesday,33,08:15,31.75,4,31.5,38.25,Low
Main Gym Fitness Gym,Tuesday,34,08:30,23.5,4,24.0,31.75,Low
Main Gym Fitness Gym,Tuesday,35,08:45,20.0,4,18.5,21.25,Low
Main Gym Fitness Gym,Tuesday,36,09:00,29.25,4,28.5,32.5,Low
Main Gym Fitness Gym,Tuesday,37,09:15,21.25,4,21.0,26.5,Low
Main Gym Fitness Gym,Tuesday,38,09:30,34.8,5,35.0,38.0,Low
Main Gym Fitness Gym,Tuesday,39,09:45,38.25,4,28.5,39.5,Low
Main Gym Fitness Gym,Tuesday,40,10:00,24.5,4,28.0,32.75,Low
Main Gym Fitness Gym,Tuesday,41,10:15,30.6,5,32.0,36.0,Low
Main Gym Fitness Gym,Tuesday,42,10:30,26.0,4,25.0,29.0,Low
Main Gym Fitness Gym,Tuesday,43,10:45,32.0,4,33.0,38.0,Low
Main Gym Fitness Gym,Tuesday,44,11:00,41.4,5,43.0,46.0,Low
Main Gym Fitness Gym,Tuesday,45,11:15,32.5,4,33.5,40.0,Low
Main Gym Fitness Gym,Tuesday,46,11:30,33.75,4,34.5,37.0,Low
Main Gym Fitness Gym,Tuesday,47,11:45,29.5,4,27.0,37.0,Low
Main Gym Fitness Gym,Tuesday,48,12:00,22.75,4,23.0,27.5,Low
Main Gym Fitness Gym,Tuesday,49,12:15,36.75,4,37.5,45.5,Low
Main Gym Fitness Gym,Tuesday,50,12:30,45.5,4,49.5,56.25,Low
Main Gym Fitness Gym,Tuesday,51,12:45,33.75,4,30.5,38.0,Low
Main Gym Fitness Gym,Tuesday,52,13:00,33.5,4,28.5,35.75,Low
Main Gym Fitness Gym,Tuesday,53,13:15,29.0,3,28.0,29.5,Low
Main Gym Fitness Gym,Tuesday,54,13:30,35.0,4,36.5,38.0,Low
Main Gym Fitness Gym,Tuesday,55,13:45,32.2,5,31.0,42.0,Low
Main Gym Fitness Gym,Tuesday,56,14:00,48.666666666666664,3,51.0,54.0,Low
Main Gym Fitness Gym,Tuesday,57,14:15,32.4,5,33.0,35.0,Low
Main Gym Fitness Gym,Tuesday,58,14:30,44.25,4,35.5,48.0,Low
Main Gym Fitness Gym,Tuesday,59,14:45,38.0,4,35.5,41.0,Low
Main Gym Fitness Gym,Tuesday,60,15:00,33.6,5,38.0,39.0,Low
Main Gym Fitness Gym,Tuesday,61,15:15,30.75,4,25.5,32.25,Low
Main Gym Fitness Gym,Tuesday,62,15:30,43.5,4,40.5,46.75,Low
Main Gym Fitness Gym,Tuesday,63,15:45,70.8,5,36.0,50.0,Low
Main Gym Fitness Gym,Tuesday,64,16:00,103.25,4,66.0,123.25,Low
Main Gym Fitness Gym,Tuesday,65,16:15,35.4,5,33.0,42.0,Low
Main Gym Fitness Gym,Tuesday,66,16:30,34.25,4,34.5,37.5,Low
Main Gym Fitness Gym,Tuesday,67,16:45,33.0,5,22.0,51.0,Low
Main Gym Fitness Gym,Tuesday,68,17:00,42.0,4,42.5,47.0,Low
Main Gym Fitness Gym,Tuesday,69,17:15,47.333333333333336,3,47.0,53.5,Low
Main Gym Fitness Gym,Tuesday,70,17:30,51.0,4,50.0,54.25,Low
Main Gym Fitness Gym,Tuesday,71,17:45,42.5,4,40.0,45.75,Low
Main Gym Fitness Gym,Tuesday,72,18:00,44.4,5,39.0,54.0,Low
Main Gym Fitness Gym,Tuesday,73,18:15,46.5,4,46.5,61.25,Low
Main Gym Fitness Gym,Tuesday,74,18:30,51.0,4,48.5,53.5,Low
Main Gym Fitness Gym,Tuesday,75,18:45,35.0,4,32.0,35.0,Low
Main Gym Fitness Gym,Tuesday,76,19:00,41.25,4,39.0,44.25,Low
Main Gym Fitness Gym,Tuesday,77,19:15,107.25,4,43.0,110.5,Low
Main Gym Fitness Gym,Tuesday,78,19:30,36.25,4,33.5,38.75,Low
Main Gym Fitness Gym,Tuesday,79,19:45,69.0,4,51.0,80.5,Low
Main Gym Fitness Gym,Tuesday,80,20:00,84.25,4,57.0,102.0,Low
Main Gym Fitness Gym,Tuesday,81,20:15,34.0,4,34.0,40.25,Low
Main Gym Fitness Gym,Tuesday,82,20:30,53.5,4,26.5,58.75,Low
Main Gym Fitness Gym,Tuesday,83,20:45,39.0,4,36.5,46.5,Low
Main Gym Fitness Gym,Tuesday,84,21:00,34.25,4,33.5,40.75,Low
Main Gym Fitness Gym,Tuesday,85,21:15,45.6,5,43.0,56.0,Low
Main Gym Fitness Gym,Tuesday,86,21:30,34.0,3,25.0,39.0,Low
Main Gym Fitness Gym,Tuesday,87,21:45,46.0,3,40.0,50.0,Low
Main Gym Fitness Gym,Tuesday,88,22:00,38.666666666666664,3,38.0,44.0,Low
Main Gym Fitness Gym,Tuesday,89,22:15,41.666666666666664,3,47.0,50.0,Low
Main Gym Fitness Gym,Tuesday,90,22:30,33.0,3,31.0,36.5,Low
Main Gym Fitness Gym,Tuesday,91,22:45,29.333333333333332,3,31.0,32.0,Low
Main Gym Fitness Gym,Wednesday,24,06:00,1.5,2,1.5,2.25,Low
Main Gym Fitness Gym,Wednesday,25,06:15,7.0,2,7.0,7.5,Low
Main Gym Fitness Gym,Wednesday,26,06:30,16.5,2,16.5,17.25,Low
Main Gym Fitness Gym,Wednesday,27,06:45,7.5,2,7.5,7.75,Low
Main Gym Fitness Gym,Wednesday,28,07:00,9.0,2,9.0,10.5,Low
Main Gym Fitness Gym,Wednesday,29,07:15,15.666666666666666,3,11.0,21.5,Low
Main Gym Fitness Gym,Wednesday,30,07:30,9.0,2,9.0,9.5,Low
Main Gym Fitness Gym,Wednesday,31,07:45,39.0,2,39.0,51.5,Low
Main Gym Fitness Gym,Wednesday,32,08:00,11.0,2,11.0,14.5,Low
Main Gym Fitness Gym,Wednesday,33,08:15,9.5,2,9.5,13.75,Low
Main Gym Fitness Gym,Wednesday,34,08:30,23.0,2,23.0,26.0,Low
Main Gym Fitness Gym,Wednesday,35,08:45,21.666666666666668,3,21.0,23.0,Low
Main Gym Fitness Gym,Wednesday,36,09:00,11.5,2,11.5,11.75,Low
Main Gym Fitness Gym,Wednesday,37,09:15,24.833333333333332,3,26.0,29.75,Low
Main Gym Fitness Gym,Wednesday,38,09:30,30.5,4,32.0,32.25,Low
Main Gym Fitness Gym,Wednesday,39,09:45,24.0,2,24.0,27.5,Low
Main Gym Fitness Gym,Wednesday,40,10:00,56.0,1,56.0,56.0,Low
Main Gym Fitness Gym,Wednesday,41,10:15,29.5,2,29.5,33.75,Low
Main Gym Fitness Gym,Wednesday,42,10:30,37.0,3,40.0,43.5,Low
Main Gym Fitness Gym,Wednesday,43,10:45,18.5,2,18.5,22.25,Low
Main Gym Fitness Gym,Wednesday,44,11:00,31.5,2,31.5,34.75,Low
Main Gym Fitness Gym,Wednesday,45,11:15,23.5,2,23.5,25.75,Low
Main Gym Fitness Gym,Wednesday,46,11:30,32.0,3,35.0,39.0,Low
Main Gym Fitness Gym,Wednesday,47,11:45,19.0,2,19.0,20.0,Low
Main Gym Fitness Gym,Wednesday,48,12:00,28.0,2,28.0,30.0,Low
Main Gym Fitness Gym,Wednesday,49,12:15,37.5,2,37.5,38.75,Low
Main Gym Fitness Gym,Wednesday,50,12:30,65.33333333333333,3,64.0,83.5,Low
Main Gym Fitness Gym,Wednesday,51,12:45,30.0,3,25.0,34.0,Low
Main Gym Fitness Gym,Wednesday,52,13:00,34.0,3,28.0,38.5,Low
Main Gym Fitness Gym,Wednesday,53,13:15,30.5,2,30.5,32.75,Low
Main Gym Fitness Gym,Wednesday,54,13:30,43.0,2,43.0,45.0,Low
Main Gym Fitness Gym,Wednesday,55,13:45,30.5,2,30.5,31.75,Low
Main Gym Fitness Gym,Wednesday,56,14:00,34.75,4,35.5,39.0,Low
Main Gym Fitness Gym,Wednesday,57,14:15,29.666666666666668,3,32.0,32.5,Low
Main Gym Fitness Gym,Wednesday,58,14:30,37.333333333333336,3,39.0,44.0,Low
Main Gym Fitness Gym,Wednesday,59,14:45,81.0,4,45.0,100.5,Low
Main Gym Fitness Gym,Wednesday,60,15:00,46.666666666666664,3,40.0,52.5,Low
Main Gym Fitness Gym,Wednesday,61,15:15,28.0,3,29.0,34.5,Low
Main Gym Fitness Gym,Wednesday,62,15:30,43.5,4,42.5,48.5,Low
Main Gym Fitness Gym,Wednesday,63,15:45,81.0,3,62.0,102.0,Low
Main Gym Fitness Gym,Wednesday,64,16:00,50.25,4,42.0,59.75,Low
Main Gym Fitness Gym,Wednesday,65,16:15,41.5,5,39.0,39.0,Low
Main Gym Fitness Gym,Wednesday,66,16:30,47.666666666666664,3,44.0,50.0,Low
Main Gym Fitness Gym,Wednesday,67,16:45,41.6,5,33.0,53.0,Low
Main Gym Fitness Gym,Wednesday,68,17:00,47.4,5,50.0,56.0,Low
Main Gym Fitness Gym,Wednesday,69,17:15,33.25,4,32.5,41.5,Low
Main Gym Fitness Gym,Wednesday,70,17:30,43.0,4,39.5,51.75,Low
Main Gym Fitness Gym,Wednesday,71,17:45,38.0,4,34.5,43.5,Low
Main Gym Fitness Gym,Wednesday,72,18:00,46.25,4,46.0,48.0,Low
Main Gym Fitness Gym,Wednesday,73,18:15,44.0,4,35.5,51.25,Low
Main Gym Fitness Gym,Wednesday,74,18:30,48.5,4,45.0,51.5,Low
Main Gym Fitness Gym,Wednesday,75,18:45,58.2,5,46.0,50.0,Low
Main Gym Fitness Gym,Wednesday,76,19:00,39.25,4,37.0,45.75,Low
Main Gym Fitness Gym,Wednesday,77,19:15,32.25,4,33.0,44.5,Low
Main Gym Fitness Gym,Wednesday,78,19:30,43.25,4,41.5,45.0,Low
Main Gym Fitness Gym,Wednesday,79,19:45,40.0,4,34.5,42.0,Low
Main Gym Fitness Gym,Wednesday,80,20:00,34.75,4,33.5,40.75,Low
Main Gym Fitness Gym,Wednesday,81,20:15,37.5,4,34.0,44.5,Low
Main Gym Fitness Gym,Wednesday,82,20:30,39.25,4,38.5,41.0,Low
Main Gym Fitness Gym,Wednesday,83,20:45,45.25,4,41.0,47.5,Low
Main Gym Fitness Gym,Wednesday,84,21:00,44.25,4,48.0,49.25,Low
Main Gym Fitness Gym,Wednesday,85,21:15,35.4,5,29.0,38.0,Low
Main Gym Fitness Gym,Wednesday,86,21:30,36.0,4,35.0,41.75,Low
Main Gym Fitness Gym,Wednesday,87,21:45,35.0,4,33.5,42.0,Low
Main Gym Fitness Gym,Wednesday,88,22:00,31.5,4,27.0,33.5,Low
Main Gym Fitness Gym,Wednesday,89,22:15,48.25,4,50.0,54.75,Low
Main Gym Fitness Gym,Wednesday,90,22:30,35.5,4,35.0,39.5,Low
Main Gym Fitness Gym,Wednesday,91,22:45,37.4,5,29.0,38.0,Low
Main Gym Fitness Gym,Thursday,24,06:00,2.25,4,1.0,2.25,Low
Main Gym Fitness Gym,Thursday,25,06:15,5.25,4,6.0,6.5,Low
Main Gym Fitness Gym,Thursday,26,06:30,11.25,4,12.5,14.75,Low
Main Gym Fitness Gym,Thursday,27,06:45,18.8,5,15.0,25.0,Low
Main Gym Fitness Gym,Thursday,28,07:00,26.25,4,26.0,32.0,Low
Main Gym Fitness Gym,Thursday,29,07:15,11.0,4,10.0,13.5,Low
Main Gym Fitness Gym,Thursday,30,07:30,22.0,4,20.0,24.25,Low
Main Gym Fitness Gym,Thursday,31,07:45,27.0,5,21.0,31.0,Low
Main Gym Fitness Gym,Thursday,32,08:00,23.5,4,26.0,31.25,Low
Main Gym Fitness Gym,Thursday,33,08:15,15.0,4,12.5,17.5,Low
Main Gym Fitness Gym,Thursday,34,08:30,18.75,4,18.0,18.75,Low
Main Gym Fitness Gym,Thursday,35,08:45,35.4,5,15.0,39.0,Low
Main Gym Fitness Gym,Thursday,36,09:00,30.5,4,29.5,34.75,Low
Main Gym Fitness Gym,Thursday,37,09:15,19.5,4,18.0,22.75,Low
Main Gym Fitness Gym,Thursday,38,09:30,31.5,4,34.0,36.25,Low
Main Gym Fitness Gym,Thursday,39,09:45,22.6,5,18.0,28.0,Low
Main Gym Fitness Gym,Thursday,40,10:00,26.25,4,24.0,29.0,Low
Main Gym Fitness Gym,Thursday,41,10:15,27.0,4,25.5,32.25,Low
Main Gym Fitness Gym,Thursday,42,10:30,22.6,5,19.0,31.0,Low
Main Gym Fitness Gym,Thursday,43,10:45,27.75,4,27.0,30.0,Low
Main Gym Fitness Gym,Thursday,44,11:00,41.0,4,41.0,44.25,Low
Main Gym Fitness Gym,Thursday,45,11:15,35.75,4,37.5,40.5,Low
Main Gym Fitness Gym,Thursday,46,11:30,33.4,5,33.0,40.0,Low
Main Gym Fitness Gym,Thursday,47,11:45,39.5,4,34.5,46.75,Low
Main Gym Fitness Gym,Thursday,48,12:00,32.25,4,33.0,40.5,Low
Main Gym Fitness Gym,Thursday,49,12:15,34.25,4,34.5,39.5,Low
Main Gym Fitness Gym,Thursday,50,12:30,38.4,5,39.0,43.0,Low
Main Gym Fitness Gym,Thursday,51,12:45,31.0,3,36.0,36.0,Low
Main Gym Fitness Gym,Thursday,52,13:00,33.75,4,30.0,36.75,Low
Main Gym Fitness Gym,Thursday,53,13:15,36.0,5,40.0,40.0,Low
Main Gym Fitness Gym,Thursday,54,13:30,34.0,4,34.0,39.0,Low
Main Gym Fitness Gym,Thursday,55,13:45,28.25,4,30.0,32.75,Low
Main Gym Fitness Gym,Thursday,56,14:00,50.0,5,47.0,56.0,Low
Main Gym Fitness Gym,Thursday,57,14:15,42.75,4,41.0,52.75,Low
Main Gym Fitness Gym,Thursday,58,14:30,34.25,4,28.5,37.75,Low
Main Gym Fitness Gym,Thursday,59,14:45,35.4,5,35.0,38.0,Low
Main Gym Fitness Gym,Thursday,60,15:00,33.0,4,33.5,39.0,Low
Main Gym Fitness Gym,Thursday,61,15:15,50.4,5,38.0,65.0,Low
Main Gym Fitness Gym,Thursday,62,15:30,42.25,4,39.0,43.25,Low
Main Gym Fitness Gym,Thursday,63,15:45,34.2,5,35.0,39.0,Low
Main Gym Fitness Gym,Thursday,64,16:00,37.0,4,29.0,40.0,Low
Main Gym Fitness Gym,Thursday,65,16:15,33.125,4,34.5,38.5,Low
Main Gym Fitness Gym,Thursday,66,16:30,38.4,5,43.0,44.0,Low
Main Gym Fitness Gym,Thursday,67,16:45,41.0,4,42.5,49.5,Low
Main Gym Fitness Gym,Thursday,68,17:00,52.8,5,46.0,67.0,Low
Main Gym Fitness Gym,Thursday,69,17:15,32.25,4,30.0,35.75,Low
Main Gym Fitness Gym,Thursday,70,17:30,56.5,4,47.0,64.75,Low
Main Gym Fitness Gym,Thursday,71,17:45,60.5,4,56.5,64.0,Low
Main Gym Fitness Gym,Thursday,72,18:00,39.0,4,39.5,45.25,Low
Main Gym Fitness Gym,Thursday,73,18:15,37.0,4,37.0,44.75,Low
Main Gym Fitness Gym,Thursday,74,18:30,51.25,4,53.5,55.5,Low
Main Gym Fitness Gym,Thursday,75,18:45,48.75,4,49.0,49.25,Low
Main Gym Fitness Gym,Thursday,76,19:00,37.375,4,40.25,43.25,Low
Main Gym Fitness Gym,Thursday,77,19:15,38.625,4,41.0,43.0,Low
Main Gym Fitness Gym,Thursday,78,19:30,37.0,4,33.0,38.25,Low
Main Gym Fitness Gym,Thursday,79,19:45,49.25,4,42.0,51.5,Low
Main Gym Fitness Gym,Thursday,80,20:00,35.75,4,32.5,47.25,Low
Main Gym Fitness Gym,Thursday,81,20:15,27.4,5,29.0,33.0,Low
Main Gym Fitness Gym,Thursday,82,20:30,31.0,4,31.5,35.5,Low
Main Gym Fitness Gym,Thursday,83,20:45,29.0,4,31.0,38.25,Low
Main Gym Fitness Gym,Thursday,84,21:00,41.75,4,40.0,53.5,Low
Main Gym Fitness Gym,Thursday,85,21:15,35.75,4,34.0,42.25,Low
Main Gym Fitness Gym,Thursday,86,21:30,31.5,4,31.5,33.5,Low
Main Gym Fitness Gym,Thursday,87,21:45,37.75,4,36.0,42.75,Low
Main Gym Fitness Gym,Thursday,88,22:00,37.0,4,37.0,38.0,Low
Main Gym Fitness Gym,Thursday,89,22:15,26.0,5,28.0,31.0,Low
Main Gym Fitness Gym,Thursday,90,22:30,42.0,4,37.0,51.0,Low
Main Gym Fitness Gym,Thursday,91,22:45,13.5,4,14.5,15.75,Low
Main Gym Fitness Gym,Friday,24,06:00,1.0,3,1.0,1.0,Low
Main Gym Fitness Gym,Friday,25,06:15,5.666666666666667,3,1.0,8.0,Low
Main Gym Fitness Gym,Friday,26,06:30,12.666666666666666,3,12.0,13.5,Low
Main Gym Fitness Gym,Friday,27,06:45,12.25,4,8.5,14.0,Low
Main Gym Fitness Gym,Friday,28,07:00,11.333333333333334,3,12.0,15.0,Low
Main Gym Fitness Gym,Friday,29,07:15,14.333333333333334,3,11.0,16.5,Low
Main Gym Fitness Gym,Friday,30,07:30,6.333333333333333,3,8.0,9.0,Low
Main Gym Fitness Gym,Friday,31,07:45,8.0,4,8.5,10.5,Low
Main Gym Fitness Gym,Friday,32,08:00,23.333333333333332,3,24.0,24.5,Low
Main Gym Fitness Gym,Friday,33,08:15,6.333333333333333,3,6.0,6.5,Low
Main Gym Fitness Gym,Friday,34,08:30,8.5,4,7.0,10.0,Low
Main Gym Fitness Gym,Friday,35,08:45,20.666666666666668,3,18.0,23.5,Low
Main Gym Fitness Gym,Friday,36,09:00,35.5,4,37.0,38.5,Low
Main Gym Fitness Gym,Friday,37,09:15,18.666666666666668,3,19.0,20.5,Low
Main Gym Fitness Gym,Friday,38,09:30,24.666666666666668,3,29.0,33.5,Low
Main Gym Fitness Gym,Friday,39,09:45,23.25,4,24.0,30.5,Low
Main Gym Fitness Gym,Friday,40,10:00,30.0,3,36.0,36.0,Low
Main Gym Fitness Gym,Friday,41,10:15,21.0,3,19.0,24.0,Low
Main Gym Fitness Gym,Friday,42,10:30,24.4,5,25.0,28.0,Low
Main Gym Fitness Gym,Friday,43,10:45,23.5,4,24.0,30.75,Low
Main Gym Fitness Gym,Friday,44,11:00,36.4,5,36.0,38.0,Low
Main Gym Fitness Gym,Friday,45,11:15,25.0,4,25.0,25.25,Low
Main Gym Fitness Gym,Friday,46,11:30,28.5,4,30.0,33.75,Low
Main Gym Fitness Gym,Friday,47,11:45,34.5,4,32.5,42.75,Low
Main Gym Fitness Gym,Friday,48,12:00,32.0,5,25.0,35.0,Low
Main Gym Fitness Gym,Friday,49,12:15,34.75,4,35.5,39.75,Low
Main Gym Fitness Gym,Friday,50,12:30,25.75,4,21.5,29.5,Low
Main Gym Fitness Gym,Friday,51,12:45,24.8,5,26.0,26.0,Low
Main Gym Fitness Gym,Friday,52,13:00,28.5,4,30.0,32.0,Low
Main Gym Fitness Gym,Friday,53,13:15,31.5,4,31.0,37.5,Low
Main Gym Fitness Gym,Friday,54,13:30,27.4,5,22.0,39.0,Low
Main Gym Fitness Gym,Friday,55,13:45,24.5,4,20.5,30.25,Low
Main Gym Fitness Gym,Friday,56,14:00,73.2,5,35.0,35.0,Low
Main Gym Fitness Gym,Friday,57,14:15,36.5,4,37.0,41.75,Low
Main Gym Fitness Gym,Friday,58,14:30,33.0,4,32.5,40.0,Low
Main Gym Fitness Gym,Friday,59,14:45,34.2,5,36.0,39.0,Low
Main Gym Fitness Gym,Friday,60,15:00,33.5,4,29.5,37.25,Low
Main Gym Fitness Gym,Friday,61,15:15,22.8,5,21.0,29.0,Low
Main Gym Fitness Gym,Friday,62,15:30,33.75,4,33.0,39.25,Low
Main Gym Fitness Gym,Friday,63,15:45,29.25,4,31.5,38.25,Low
Main Gym Fitness Gym,Friday,64,16:00,28.0,5,29.0,36.0,Low
Main Gym Fitness Gym,Friday,65,16:15,33.0,4,32.0,37.5,Low
Main Gym Fitness Gym,Friday,66,16:30,23.0,4,26.0,28.25,Low
Main Gym Fitness Gym,Friday,67,16:45,25.0,5,24.0,29.0,Low
Main Gym Fitness Gym,Friday,68,17:00,32.75,4,30.0,40.5,Low
Main Gym Fitness Gym,Friday,69,17:15,28.75,4,26.5,31.0,Low
Main Gym Fitness Gym,Friday,70,17:30,26.0,4,26.5,29.25,Low
Main Gym Fitness Gym,Friday,71,17:45,31.25,4,30.0,33.0,Low
Main Gym Fitness Gym,Friday,72,18:00,30.0,4,31.5,35.75,Low
Main Gym Fitness Gym,Friday,73,18:15,76.25,4,37.5,82.5,Low
Main Gym Fitness Gym,Friday,74,18:30,25.25,4,23.0,27.0,Low
Main Gym Fitness Gym,Friday,75,18:45,32.2,5,29.0,42.0,Low
Main Gym Fitness Gym,Friday,76,19:00,37.25,4,38.5,40.25,Low
Main Gym Fitness Gym,Friday,77,19:15,35.25,4,38.5,40.0,Low
Main Gym Fitness Gym,Friday,78,19:30,23.25,4,21.5,27.0,Low
Main Gym Fitness Gym,Friday,79,19:45,28.0,3,25.0,31.5,Low
Main Gym Fitness Gym,Friday,80,20:00,25.0,4,23.0,34.75,Low
Main Gym Fitness Gym,Friday,81,20:15,24.0,4,25.5,33.5,Low
Main Gym Fitness Gym,Friday,82,20:30,28.75,4,30.0,33.25,Low
Main Gym Fitness Gym,Friday,83,20:45,23.75,4,25.0,27.25,Low
Main Gym Fitness Gym,Friday,84,21:00,17.8,5,18.0,18.0,Low
Main Gym Fitness Gym,Friday,85,21:15,21.25,4,22.0,26.0,Low
Main Gym Fitness Gym,Friday,86,21:30,16.75,4,16.0,18.75,Low
Main Gym Fitness Gym,Friday,87,21:45,23.75,4,20.0,26.0,Low
Main Gym Fitness Gym,Friday,88,22:00,28.0,4,30.0,33.5,Low
Main Gym Fitness Gym,Friday,89,22:15,22.25,4,19.0,22.5,Low
Main Gym Fitness Gym,Friday,90,22:30,23.0,5,25.0,25.0,Low
Main Gym Fitness Gym,Friday,91,22:45,15.5,4,14.5,18.0,Low
Main Gym Fitness Gym,Saturday,32,08:00,2.75,4,2.0,3.75,Low
Main Gym Fitness Gym,Saturday,33,08:15,16.0,4,18.0,21.75,Low
Main Gym Fitness Gym,Saturday,34,08:30,12.6,5,8.0,21.0,Low
Main Gym Fitness Gym,Saturday,35,08:45,21.25,4,21.0,25.0,Low
Main Gym Fitness Gym,Saturday,36,09:00,18.0,5,19.0,21.0,Low
Main Gym Fitness Gym,Saturday,37,09:15,19.0,4,21.5,23.0,Low
Main Gym Fitness Gym,Saturday,38,09:30,17.0,4,17.5,22.0,Low
Main Gym Fitness Gym,Saturday,39,09:45,23.4,5,25.0,26.0,Low
Main Gym Fitness Gym,Saturday,40,10:00,35.25,4,17.0,35.75,Low
Main Gym Fitness Gym,Saturday,41,10:15,18.4,5,21.0,21.0,Low
Main Gym Fitness Gym,Saturday,42,10:30,20.25,4,18.5,24.75,Low
Main Gym Fitness Gym,Saturday,43,10:45,16.0,5,14.0,19.0,Low
Main Gym Fitness Gym,Saturday,44,11:00,23.0,4,23.5,26.5,Low
Main Gym Fitness Gym,Saturday,45,11:15,20.5,4,20.5,23.0,Low
Main Gym Fitness Gym,Saturday,46,11:30,23.6,5,22.0,25.0,Low
Main Gym Fitness Gym,Saturday,47,11:45,28.5,4,31.0,36.5,Low
Main Gym Fitness Gym,Saturday,48,12:00,19.75,4,16.5,25.25,Low
Main Gym Fitness Gym,Saturday,49,12:15,19.2,5,17.0,24.0,Low
Main Gym Fitness Gym,Saturday,50,12:30,21.75,4,23.0,25.25,Low
Main Gym Fitness Gym,Saturday,51,12:45,19.0,5,19.0,22.0,Low
Main Gym Fitness Gym,Saturday,52,13:00,21.25,4,20.5,25.5,Low
Main Gym Fitness Gym,Saturday,53,13:15,15.4,5,19.0,24.0,Low
Main Gym Fitness Gym,Saturday,54,13:30,17.75,4,12.0,22.0,Low
Main Gym Fitness Gym,Saturday,55,13:45,14.0,5,11.0,21.0,Low
Main Gym Fitness Gym,Saturday,56,14:00,17.0,4,19.0,26.0,Low
Main Gym Fitness Gym,Saturday,57,14:15,15.8,5,18.0,20.0,Low
Main Gym Fitness Gym,Saturday,58,14:30,16.4,5,17.0,22.0,Low
Main Gym Fitness Gym,Saturday,59,14:45,9.8,5,7.0,18.0,Low
Main Gym Fitness Gym,Saturday,60,15:00,15.5,4,14.0,21.75,Low
Main Gym Fitness Gym,Saturday,61,15:15,16.6,5,10.0,19.0,Low
Main Gym Fitness Gym,Saturday,62,15:30,34.0,4,19.5,39.75,Low
Main Gym Fitness Gym,Saturday,63,15:45,15.4,5,15.0,19.0,Low
Main Gym Fitness Gym,Saturday,64,16:00,16.5,4,15.5,20.75,Low
Main Gym Fitness Gym,Saturday,65,16:15,12.4,5,15.0,18.0,Low
Main Gym Fitness Gym,Saturday,66,16:30,17.0,4,21.0,24.25,Low
Main Gym Fitness Gym,Saturday,67,16:45,7.0,5,6.0,10.0,Low
Main Gym Fitness Gym,Saturday,68,17:00,7.25,4,8.0,10.5,Low
Main Gym Fitness Gym,Saturday,69,17:15,13.4,5,19.0,21.0,Low
Main Gym Fitness Gym,Saturday,70,17:30,10.75,4,8.5,14.5,Low
Main Gym Fitness Gym,Saturday,71,17:45,21.5,4,20.5,33.0,Low
Main Gym Fitness Gym,Saturday,72,18:00,31.2,5,11.0,15.0,Low
Main Gym Fitness Gym,Saturday,73,18:15,22.8,5,21.0,22.0,Low
Main Gym Fitness Gym,Saturday,74,18:30,17.0,5,17.0,19.0,Low
Main Gym Fitness Gym,Saturday,75,18:45,21.4,5,22.0,25.0,Low
Main Gym Fitness Gym,Saturday,76,19:00,23.0,5,19.0,25.0,Low
Main Gym Fitness Gym,Saturday,77,19:15,25.8,5,31.0,33.0,Low
Main Gym Fitness Gym,Saturday,78,19:30,15.6,5,15.0,18.0,Low
Main Gym Fitness Gym,Saturday,79,19:45,13.8,5,15.0,17.0,Low
Main Gym Fitness Gym,Saturday,80,20:00,30.6,5,24.0,25.0,Low
Main Gym Fitness Gym,Saturday,81,20:15,14.2,5,15.0,22.0,Low
Main Gym Fitness Gym,Saturday,82,20:30,22.2,5,25.0,33.0,Low
Main Gym Fitness Gym,Saturday,83,20:45,12.8,5,10.0,21.0,Low
Main Gym Fitness Gym,Saturday,84,21:00,17.0,5,15.0,28.0,Low
Main Gym Fitness Gym,Saturday,85,21:15,13.2,5,15.0,17.0,Low
Main Gym Fitness Gym,Saturday,86,21:30,15.4,5,17.0,21.0,Low
Main Gym Fitness Gym,Saturday,87,21:45,16.0,5,19.0,21.0,Low
Main Gym Fitness Gym,Saturday,88,22:00,20.4,5,25.0,28.0,Low
Main Gym Fitness Gym,Saturday,89,22:15,20.4,5,25.0,29.0,Low
Main Gym Fitness Gym,Saturday,90,22:30,15.8,5,19.0,19.0,Low
Main Gym Fitness Gym,Saturday,91,22:45,9.4,5,10.0,11.0,Low
Main Gym Fitness Gym,Sunday,32,08:00,1.0,4,1.0,1.0,Low
Main Gym Fitness Gym,Sunday,33,08:15,1.5,4,1.0,1.5,Low
Main Gym Fitness Gym,Sunday,34,08:30,8.6,5,11.0,15.0,Low
Main Gym Fitness Gym,Sunday,35,08:45,12.5,4,10.0,16.25,Low
Main Gym Fitness Gym,Sunday,36,09:00,15.0,4,16.0,22.0,Low
Main Gym Fitness Gym,Sunday,37,09:15,9.5,4,9.0,14.75,Low
Main Gym Fitness Gym,Sunday,38,09:30,13.75,4,14.0,14.75,Low
Main Gym Fitness Gym,Sunday,39,09:45,13.0,5,10.0,21.0,Low
Main Gym Fitness Gym,Sunday,40,10:00,15.4,5,18.0,19.0,Low
Main Gym Fitness Gym,Sunday,41,10:15,8.4,5,7.0,8.0,Low
Main Gym Fitness Gym,Sunday,42,10:30,9.4,5,7.0,10.0,Low
Main Gym Fitness Gym,Sunday,43,10:45,18.2,5,18.0,22.0,Low
Main Gym Fitness Gym,Sunday,44,11:00,16.0,5,15.0,17.0,Low
Main Gym Fitness Gym,Sunday,45,11:15,32.0,5,17.0,19.0,Low
Main Gym Fitness Gym,Sunday,46,11:30,22.0,5,22.0,22.0,Low
Main Gym Fitness Gym,Sunday,47,11:45,16.2,5,15.0,17.0,Low
Main Gym Fitness Gym,Sunday,48,12:00,14.6,5,15.0,15.0,Low
Main Gym Fitness Gym,Sunday,49,12:15,17.2,5,21.0,22.0,Low
Main Gym Fitness Gym,Sunday,50,12:30,17.4,5,10.0,22.0,Low
Main Gym Fitness Gym,Sunday,51,12:45,14.4,5,12.0,17.0,Low
Main Gym Fitness Gym,Sunday,52,13:00,13.4,5,10.0,22.0,Low
Main Gym Fitness Gym,Sunday,53,13:15,23.4,5,25.0,31.0,Low
Main Gym Fitness Gym,Sunday,54,13:30,15.6,5,11.0,18.0,Low
Main Gym Fitness Gym,Sunday,55,13:45,16.6,5,19.0,21.0,Low
Main Gym Fitness Gym,Sunday,56,14:00,13.6,5,12.0,19.0,Low
Main Gym Fitness Gym,Sunday,57,14:15,11.0,5,10.0,12.0,Low
Main Gym Fitness Gym,Sunday,58,14:30,13.2,5,12.0,18.0,Low
Main Gym Fitness Gym,Sunday,59,14:45,15.2,5,15.0,17.0,Low
Main Gym Fitness Gym,Sunday,60,15:00,17.8,5,14.0,21.0,Low
Main Gym Fitness Gym,Sunday,61,15:15,20.4,5,12.0,18.0,Low
Main Gym Fitness Gym,Sunday,62,15:30,19.2,5,14.0,18.0,Low
Main Gym Fitness Gym,Sunday,63,15:45,20.8,5,22.0,22.0,Low
Main Gym Fitness Gym,Sunday,64,16:00,17.2,5,17.0,18.0,Low
Main Gym Fitness Gym,Sunday,65,16:15,22.0,5,25.0,25.0,Low
Main Gym Fitness Gym,Sunday,66,16:30,20.4,5,21.0,26.0,Low
Main Gym Fitness Gym,Sunday,67,16:45,29.2,5,26.0,40.0,Low
Main Gym Fitness Gym,Sunday,68,17:00,18.2,5,17.0,21.0,Low
Main Gym Fitness Gym,Sunday,69,17:15,23.0,5,26.0,28.0,Low
Main Gym Fitness Gym,Sunday,70,17:30,20.6,5,19.0,19.0,Low
Main Gym Fitness Gym,Sunday,71,17:45,28.0,5,21.0,40.0,Low
Main Gym Fitness Gym,Sunday,72,18:00,41.6,5,25.0,39.0,Low
Main Gym Fitness Gym,Sunday,73,18:15,22.4,5,22.0,22.0,Low
Main Gym Fitness Gym,Sunday,74,18:30,20.2,5,22.0,25.0,Low
Main Gym Fitness Gym,Sunday,75,18:45,24.6,5,24.0,28.0,Low
Main Gym Fitness Gym,Sunday,76,19:00,21.2,5,19.0,28.0,Low
Main Gym Fitness Gym,Sunday,77,19:15,25.0,5,26.0,29.0,Low
Main Gym Fitness Gym,Sunday,78,19:30,41.6,5,31.0,32.0,Low
Main Gym Fitness Gym,Sunday,79,19:45,23.4,5,26.0,26.0,Low
Main Gym Fitness Gym,Sunday,80,20:00,52.0,5,22.0,24.0,Low
Main Gym Fitness Gym,Sunday,81,20:15,22.6,5,24.0,25.0,Low
Main Gym Fitness Gym,Sunday,82,20:30,24.2,5,24.0,32.0,Low
Main Gym Fitness Gym,Sunday,83,20:45,20.6,5,21.0,24.0,Low
Main Gym Fitness Gym,Sunday,84,21:00,23.0,5,21.0,25.0,Low
Main Gym Fitness Gym,Sunday,85,21:15,20.8,5,19.0,21.0,Low
Main Gym Fitness Gym,Sunday,86,21:30,23.8,5,24.0,32.0,Low
Main Gym Fitness Gym,Sunday,87,21:45,21.8,5,18.0,28.0,Low
Main Gym Fitness Gym,Sunday,88,22:00,35.0,5,18.0,28.0,Low
Main Gym Fitness Gym,Sunday,89,22:15,32.2,5,21.0,29.0,Low
Main Gym Fitness Gym,Sunday,90,22:30,21.6,5,22.0,25.0,Low
Main Gym Fitness Gym,Sunday,91,22:45,18.4,5,17.0,25.0,Low
RIMAC Fitness Gym,Monday,24,06:00,1.8,5,1.0,1.0,Low
RIMAC Fitness Gym,Monday,25,06:15,19.0,4,19.5,22.0,Low
RIMAC Fitness Gym,Monday,26,06:30,32.5,4,32.5,35.5,Low
RIMAC Fitness Gym,Monday,27,06:45,39.4,5,38.0,43.0,Low
RIMAC Fitness Gym,Monday,28,07:00,37.6,5,33.0,45.0,Low
RIMAC Fitness Gym,Monday,29,07:15,38.8,5,39.0,40.0,Low
RIMAC Fitness Gym,Monday,30,07:30,45.2,5,42.0,51.0,Low
RIMAC Fitness Gym,Monday,31,07:45,42.8,5,42.0,49.0,Low
RIMAC Fitness Gym,Monday,32,08:00,44.0,5,45.0,47.0,Low
RIMAC Fitness Gym,Monday,33,08:15,40.8,5,39.0,42.0,Low
RIMAC Fitness Gym,Monday,34,08:30,44.6,5,45.0,46.0,Low
RIMAC Fitness Gym,Monday,35,08:45,49.4,5,48.0,49.0,Low
RIMAC Fitness Gym,Monday,36,09:00,52.4,5,57.0,57.0,Low
RIMAC Fitness Gym,Monday,37,09:15,56.6,5,53.0,53.0,Low
RIMAC Fitness Gym,Monday,38,09:30,57.0,5,56.0,60.0,Low
RIMAC Fitness Gym,Monday,39,09:45,56.6,5,55.0,59.0,Low
RIMAC Fitness Gym,Monday,40,10:00,50.2,5,45.0,57.0,Low
RIMAC Fitness Gym,Monday,41,10:15,56.0,5,56.0,58.0,Low
RIMAC Fitness Gym,Monday,42,10:30,63.4,5,62.0,69.0,Low
RIMAC Fitness Gym,Monday,43,10:45,68.6,5,73.0,74.0,Low
RIMAC Fitness Gym,Monday,44,11:00,66.2,5,70.0,70.0,Low
RIMAC Fitness Gym,Monday,45,11:15,71.0,4,72.5,76.0,Low
RIMAC Fitness Gym,Monday,46,11:30,71.8,5,69.0,74.0,Low
RIMAC Fitness Gym,Monday,47,11:45,76.25,4,76.0,79.0,Low
RIMAC Fitness Gym,Monday,48,12:00,70.0,4,69.0,80.0,Low
RIMAC Fitness Gym,Monday,49,12:15,69.0,5,64.0,70.0,Low
RIMAC Fitness Gym,Monday,50,12:30,65.4,5,63.0,76.0,Low
RIMAC Fitness Gym,Monday,51,12:45,73.0,5,73.0,85.0,Low
RIMAC Fitness Gym,Monday,52,13:00,69.0,5,66.0,77.0,Low
RIMAC Fitness Gym,Monday,53,13:15,75.2,5,68.0,87.0,Low
RIMAC Fitness Gym,Monday,54,13:30,81.4,5,79.0,91.0,Low
RIMAC Fitness Gym,Monday,55,13:45,74.0,5,67.0,89.0,Low
RIMAC Fitness Gym,Monday,56,14:00,74.4,5,71.0,83.0,Low
RIMAC Fitness Gym,Monday,57,14:15,85.66666666666667,3,87.0,93.0,Low
RIMAC Fitness Gym,Monday,58,14:30,83.5,4,82.5,91.5,Low
RIMAC Fitness Gym,Monday,59,14:45,88.0,4,84.5,96.0,Low
RIMAC Fitness Gym,Monday,60,15:00,88.5,4,80.0,95.5,Low
RIMAC Fitness Gym,Monday,61,15:15,90.0,4,83.5,96.75,Low
RIMAC Fitness Gym,Monday,62,15:30,90.33333333333333,3,83.0,95.5,Low
RIMAC Fitness Gym,Monday,63,15:45,89.0,3,92.0,93.5,Low
RIMAC Fitness Gym,Monday,64,16:00,86.66666666666667,3,83.0,89.0,Low
RIMAC Fitness Gym,Monday,65,16:15,88.33333333333333,3,87.0,94.0,Low
RIMAC Fitness Gym,Monday,66,16:30,90.33333333333333,3,95.0,100.0,Low
RIMAC Fitness Gym,Monday,67,16:45,95.33333333333333,3,98.0,99.5,Low
RIMAC Fitness Gym,Monday,68,17:00,83.33333333333333,3,81.0,88.0,Low
RIMAC Fitness Gym,Monday,69,17:15,95.75,4,99.0,102.25,Low
RIMAC Fitness Gym,Monday,70,17:30,94.75,4,100.0,103.25,Low
RIMAC Fitness Gym,Monday,71,17:45,89.33333333333333,3,83.0,97.5,Low
RIMAC Fitness Gym,Monday,72,18:00,91.5,4,92.0,100.0,Low
RIMAC Fitness Gym,Monday,73,18:15,80.75,4,80.5,89.25,Low
RIMAC Fitness Gym,Monday,74,18:30,76.25,4,72.0,80.25,Low
RIMAC Fitness Gym,Monday,75,18:45,74.25,4,68.0,76.5,Low
RIMAC Fitness Gym,Monday,76,19:00,82.0,4,76.0,84.0,Low
RIMAC Fitness Gym,Monday,77,19:15,81.5,4,78.5,85.75,Low
RIMAC Fitness Gym,Monday,78,19:30,82.5,4,77.0,86.5,Low
RIMAC Fitness Gym,Monday,79,19:45,76.33333333333333,3,76.0,84.5,Low
RIMAC Fitness Gym,Monday,80,20:00,96.75,4,95.0,110.25,Low
RIMAC Fitness Gym,Monday,81,20:15,94.0,4,96.0,102.0,Low
RIMAC Fitness Gym,Monday,82,20:30,91.5,4,90.5,98.75,Low
RIMAC Fitness Gym,Monday,83,20:45,87.5,4,88.5,91.75,Low
RIMAC Fitness Gym,Monday,84,21:00,84.25,4,86.0,87.5,Low
RIMAC Fitness Gym,Monday,85,21:15,85.0,4,81.0,89.5,Low
RIMAC Fitness Gym,Monday,86,21:30,86.25,4,90.5,97.75,Low
RIMAC Fitness Gym,Monday,87,21:45,82.5,4,78.5,85.5,Low
RIMAC Fitness Gym,Monday,88,22:00,83.0,4,80.5,84.5,Low
RIMAC Fitness Gym,Monday,89,22:15,80.66666666666667,3,80.0,84.5,Low
RIMAC Fitness Gym,Monday,90,22:30,70.25,4,70.0,71.5,Low
RIMAC Fitness Gym,Monday,91,22:45,47.25,4,47.5,50.0,Low
RIMAC Fitness Gym,Tuesday,24,06:00,2.0,4,1.0,2.0,Low
RIMAC Fitness Gym,Tuesday,25,06:15,18.5,4,18.0,19.75,Low
RIMAC Fitness Gym,Tuesday,26,06:30,25.0,4,24.5,27.0,Low
RIMAC Fitness Gym,Tuesday,27,06:45,35.25,4,34.5,36.75,Low
RIMAC Fitness Gym,Tuesday,28,07:00,33.25,4,33.5,36.25,Low
RIMAC Fitness Gym,Tuesday,29,07:15,36.75,4,36.0,38.25,Low
RIMAC Fitness Gym,Tuesday,30,07:30,37.5,4,37.5,39.75,Low
RIMAC Fitness Gym,Tuesday,31,07:45,43.25,4,44.5,46.0,Low
RIMAC Fitness Gym,Tuesday,32,08:00,45.25,4,46.5,50.75,Low
RIMAC Fitness Gym,Tuesday,33,08:15,50.75,4,53.0,55.25,Low
RIMAC Fitness Gym,Tuesday,34,08:30,51.0,4,53.0,57.75,Low
RIMAC Fitness Gym,Tuesday,35,08:45,50.0,4,53.0,60.0,Low
RIMAC Fitness Gym,Tuesday,36,09:00,51.25,4,54.0,58.75,Low
RIMAC Fitness Gym,Tuesday,37,09:15,51.75,4,54.0,55.25,Low
RIMAC Fitness Gym,Tuesday,38,09:30,49.6,5,49.0,53.0,Low
RIMAC Fitness Gym,Tuesday,39,09:45,59.75,4,60.5,68.0,Low
RIMAC Fitness Gym,Tuesday,40,10:00,66.25,4,66.0,69.75,Low
RIMAC Fitness Gym,Tuesday,41,10:15,69.0,5,64.0,77.0,Low
RIMAC Fitness Gym,Tuesday,42,10:30,75.0,4,75.5,77.75,Low
RIMAC Fitness Gym,Tuesday,43,10:45,64.75,4,65.5,70.5,Low
RIMAC Fitness Gym,Tuesday,44,11:00,62.4,5,63.0,63.0,Low
RIMAC Fitness Gym,Tuesday,45,11:15,70.25,4,69.5,75.0,Low
RIMAC Fitness Gym,Tuesday,46,11:30,75.5,4,77.0,81.5,Low
RIMAC Fitness Gym,Tuesday,47,11:45,73.0,4,75.5,80.0,Low
RIMAC Fitness Gym,Tuesday,48,12:00,75.5,4,74.0,80.5,Low
RIMAC Fitness Gym,Tuesday,49,12:15,60.0,4,61.5,63.0,Low
RIMAC Fitness Gym,Tuesday,50,12:30,67.5,4,64.5,69.5,Low
RIMAC Fitness Gym,Tuesday,51,12:45,69.25,4,67.0,70.25,Low
RIMAC Fitness Gym,Tuesday,52,13:00,72.0,4,70.0,74.0,Low
RIMAC Fitness Gym,Tuesday,53,13:15,75.66666666666667,3,72.0,78.5,Low
RIMAC Fitness Gym,Tuesday,54,13:30,71.25,4,72.5,78.0,Low
RIMAC Fitness Gym,Tuesday,55,13:45,61.0,5,61.0,66.0,Low
RIMAC Fitness Gym,Tuesday,56,14:00,56.666666666666664,3,55.0,62.0,Low
RIMAC Fitness Gym,Tuesday,57,14:15,66.6,5,68.0,73.0,Low
RIMAC Fitness Gym,Tuesday,58,14:30,75.5,4,76.0,82.5,Low
RIMAC Fitness Gym,Tuesday,59,14:45,77.75,4,74.5,82.5,Low
RIMAC Fitness Gym,Tuesday,60,15:00,68.4,5,69.0,70.0,Low
RIMAC Fitness Gym,Tuesday,61,15:15,71.25,4,73.0,79.75,Low
RIMAC Fitness Gym,Tuesday,62,15:30,71.0,4,69.5,75.25,Low
RIMAC Fitness Gym,Tuesday,63,15:45,73.8,5,69.0,83.0,Low
RIMAC Fitness Gym,Tuesday,64,16:00,78.0,4,76.0,81.5,Low
RIMAC Fitness Gym,Tuesday,65,16:15,91.6,5,93.0,101.0,Low
RIMAC Fitness Gym,Tuesday,66,16:30,77.75,4,78.5,82.25,Low
RIMAC Fitness Gym,Tuesday,67,16:45,76.2,5,75.0,81.0,Low
RIMAC Fitness Gym,Tuesday,68,17:00,79.25,4,75.5,80.25,Low
RIMAC Fitness Gym,Tuesday,69,17:15,77.33333333333333,3,82.0,83.0,Low
RIMAC Fitness Gym,Tuesday,70,17:30,83.0,4,78.0,88.5,Low
RIMAC Fitness Gym,Tuesday,71,17:45,83.25,4,82.5,99.25,Low
RIMAC Fitness Gym,Tuesday,72,18:00,80.8,5,76.0,98.0,Low
RIMAC Fitness Gym,Tuesday,73,18:15,95.0,3,95.0,97.0,Low
RIMAC Fitness Gym,Tuesday,74,18:30,80.75,4,85.5,88.25,Low
RIMAC Fitness Gym,Tuesday,75,18:45,73.25,4,71.5,75.5,Low
RIMAC Fitness Gym,Tuesday,76,19:00,69.5,4,69.5,78.25,Low
RIMAC Fitness Gym,Tuesday,77,19:15,80.75,4,79.5,84.0,Low
RIMAC Fitness Gym,Tuesday,78,19:30,74.0,4,72.0,81.0,Low
RIMAC Fitness Gym,Tuesday,79,19:45,71.75,4,73.0,76.0,Low
RIMAC Fitness Gym,Tuesday,80,20:00,65.75,4,67.0,70.75,Low
RIMAC Fitness Gym,Tuesday,81,20:15,69.25,4,69.0,74.0,Low
RIMAC Fitness Gym,Tuesday,82,20:30,78.0,4,78.0,86.25,Low
RIMAC Fitness Gym,Tuesday,83,20:45,76.75,4,76.5,82.25,Low
RIMAC Fitness Gym,Tuesday,84,21:00,77.0,4,77.5,80.25,Low
RIMAC Fitness Gym,Tuesday,85,21:15,73.8,5,71.0,79.0,Low
RIMAC Fitness Gym,Tuesday,86,21:30,71.66666666666667,3,72.0,73.5,Low
RIMAC Fitness Gym,Tuesday,87,21:45,79.66666666666667,3,78.0,83.0,Low
RIMAC Fitness Gym,Tuesday,88,22:00,81.33333333333333,3,79.0,83.5,Low
RIMAC Fitness Gym,Tuesday,89,22:15,79.0,2,79.0,81.0,Low
RIMAC Fitness Gym,Tuesday,90,22:30,82.0,3,87.0,95.0,Low
RIMAC Fitness Gym,Tuesday,91,22:45,59.0,3,57.0,63.0,Low
RIMAC Fitness Gym,Wednesday,24,06:00,0.5,2,0.5,0.75,Low
RIMAC Fitness Gym,Wednesday,25,06:15,14.0,2,14.0,15.5,Low
RIMAC Fitness Gym,Wednesday,26,06:30,22.0,2,22.0,23.5,Low
RIMAC Fitness Gym,Wednesday,27,06:45,35.5,2,35.5,39.25,Low
RIMAC Fitness Gym,Wednesday,28,07:00,40.0,2,40.0,42.5,Low
RIMAC Fitness Gym,Wednesday,29,07:15,35.333333333333336,3,36.0,36.5,Low
RIMAC Fitness Gym,Wednesday,30,07:30,43.5,2,43.5,46.25,Low
RIMAC Fitness Gym,Wednesday,31,07:45,48.0,2,48.0,51.0,Low
RIMAC Fitness Gym,Wednesday,32,08:00,48.5,2,48.5,49.25,Low
RIMAC Fitness Gym,Wednesday,33,08:15,52.0,2,52.0,54.5,Low
RIMAC Fitness Gym,Wednesday,34,08:30,46.0,2,46.0,48.5,Low
RIMAC Fitness Gym,Wednesday,35,08:45,41.666666666666664,3,41.0,46.0,Low
RIMAC Fitness Gym,Wednesday,36,09:00,50.0,2,50.0,54.5,Low
RIMAC Fitness Gym,Wednesday,37,09:15,63.833333333333336,3,70.0,71.25,Low
RIMAC Fitness Gym,Wednesday,38,09:30,59.0,4,59.0,66.5,Low
RIMAC Fitness Gym,Wednesday,39,09:45,48.5,2,48.5,51.75,Low
RIMAC Fitness Gym,Wednesday,40,10:00,43.0,2,43.0,44.5,Low
RIMAC Fitness Gym,Wednesday,41,10:15,48.0,2,48.0,49.5,Low
RIMAC Fitness Gym,Wednesday,42,10:30,45.333333333333336,3,46.0,47.5,Low
RIMAC Fitness Gym,Wednesday,43,10:45,48.5,2,48.5,49.75,Low
RIMAC Fitness Gym,Wednesday,44,11:00,45.5,2,45.5,46.75,Low
RIMAC Fitness Gym,Wednesday,45,11:15,49.0,2,49.0,50.0,Low
RIMAC Fitness Gym,Wednesday,46,11:30,56.0,3,59.0,59.0,Low
RIMAC Fitness Gym,Wednesday,47,11:45,57.0,1,57.0,57.0,Low
RIMAC Fitness Gym,Wednesday,48,12:00,51.0,2,51.0,52.0,Low
RIMAC Fitness Gym,Wednesday,49,12:15,52.5,2,52.5,56.25,Low
RIMAC Fitness Gym,Wednesday,50,12:30,57.0,3,61.0,66.0,Low
RIMAC Fitness Gym,Wednesday,51,12:45,55.0,3,59.0,60.0,Low
RIMAC Fitness Gym,Wednesday,52,13:00,56.333333333333336,3,59.0,62.0,Low
RIMAC Fitness Gym,Wednesday,53,13:15,62.0,2,62.0,66.5,Low
RIMAC Fitness Gym,Wednesday,54,13:30,54.0,2,54.0,57.0,Low
RIMAC Fitness Gym,Wednesday,55,13:45,57.0,2,57.0,62.0,Low
RIMAC Fitness Gym,Wednesday,56,14:00,68.25,4,63.5,72.0,Low
RIMAC Fitness Gym,Wednesday,57,14:15,66.0,3,67.0,75.5,Low
RIMAC Fitness Gym,Wednesday,58,14:30,72.33333333333333,3,70.0,83.5,Low
RIMAC Fitness Gym,Wednesday,59,14:45,75.0,4,71.0,79.5,Low
RIMAC Fitness Gym,Wednesday,60,15:00,76.33333333333333,3,77.0,85.5,Low
RIMAC Fitness Gym,Wednesday,61,15:15,76.0,3,82.0,88.5,Low
RIMAC Fitness Gym,Wednesday,62,15:30,80.0,4,82.0,90.5,Low
RIMAC Fitness Gym,Wednesday,63,15:45,77.0,2,77.0,85.5,Low
RIMAC Fitness Gym,Wednesday,64,16:00,72.5,4,74.0,81.25,Low
RIMAC Fitness Gym,Wednesday,65,16:15,80.3,5,76.0,78.5,Low
RIMAC Fitness Gym,Wednesday,66,16:30,73.33333333333333,3,77.0,81.0,Low
RIMAC Fitness Gym,Wednesday,67,16:45,78.4,5,75.0,97.0,Low
RIMAC Fitness Gym,Wednesday,68,17:00,75.0,5,71.0,83.0,Low
RIMAC Fitness Gym,Wednesday,69,17:15,77.75,4,74.5,87.0,Low
RIMAC Fitness Gym,Wednesday,70,17:30,93.25,4,85.5,94.0,Low
RIMAC Fitness Gym,Wednesday,71,17:45,86.75,4,81.5,92.5,Low
RIMAC Fitness Gym,Wednesday,72,18:00,84.25,4,83.5,88.0,Low
RIMAC Fitness Gym,Wednesday,73,18:15,83.66666666666667,3,80.0,86.5,Low
RIMAC Fitness Gym,Wednesday,74,18:30,80.0,4,83.5,85.25,Low
RIMAC Fitness Gym,Wednesday,75,18:45,73.6,5,72.0,79.0,Low
RIMAC Fitness Gym,Wednesday,76,19:00,76.75,4,78.0,93.0,Low
RIMAC Fitness Gym,Wednesday,77,19:15,78.0,4,74.0,85.75,Low
RIMAC Fitness Gym,Wednesday,78,19:30,73.75,4,68.5,80.25,Low
RIMAC Fitness Gym,Wednesday,79,19:45,85.33333333333333,3,61.0,99.0,Low
RIMAC Fitness Gym,Wednesday,80,20:00,75.25,4,73.5,80.0,Low
RIMAC Fitness Gym,Wednesday,81,20:15,76.25,4,76.0,79.75,Low
RIMAC Fitness Gym,Wednesday,82,20:30,82.5,4,82.5,83.0,Low
RIMAC Fitness Gym,Wednesday,83,20:45,87.0,4,87.5,89.25,Low
RIMAC Fitness Gym,Wednesday,84,21:00,70.75,4,68.0,74.0,Low
RIMAC Fitness Gym,Wednesday,85,21:15,72.2,5,71.0,75.0,Low
RIMAC Fitness Gym,Wednesday,86,21:30,77.25,4,77.0,79.5,Low
RIMAC Fitness Gym,Wednesday,87,21:45,77.5,4,77.5,78.25,Low
RIMAC Fitness Gym,Wednesday,88,22:00,73.25,4,73.0,74.25,Low
RIMAC Fitness Gym,Wednesday,89,22:15,76.33333333333333,3,77.0,81.5,Low
RIMAC Fitness Gym,Wednesday,90,22:30,60.75,4,63.5,68.25,Low
RIMAC Fitness Gym,Wednesday,91,22:45,30.0,5,33.0,34.0,Low
RIMAC Fitness Gym,Thursday,24,06:00,0.5,4,0.5,1.0,Low
RIMAC Fitness Gym,Thursday,25,06:15,12.666666666666666,3,13.0,13.5,Low
RIMAC Fitness Gym,Thursday,26,06:30,27.0,4,26.5,29.25,Low
RIMAC Fitness Gym,Thursday,27,06:45,28.8,5,26.0,29.0,Low
RIMAC Fitness Gym,Thursday,28,07:00,32.75,4,32.0,36.5,Low
RIMAC Fitness Gym,Thursday,29,07:15,29.5,4,29.0,34.0,Low
RIMAC Fitness Gym,Thursday,30,07:30,35.25,4,36.0,39.25,Low
RIMAC Fitness Gym,Thursday,31,07:45,38.4,5,36.0,37.0,Low
RIMAC Fitness Gym,Thursday,32,08:00,41.0,4,42.0,45.75,Low
RIMAC Fitness Gym,Thursday,33,08:15,42.5,4,43.5,47.25,Low
RIMAC Fitness Gym,Thursday,34,08:30,46.75,4,45.0,49.75,Low
RIMAC Fitness Gym,Thursday,35,08:45,45.6,5,45.0,53.0,Low
RIMAC Fitness Gym,Thursday,36,09:00,35.5,4,33.0,36.5,Low
RIMAC Fitness Gym,Thursday,37,09:15,37.25,4,37.0,39.25,Low
RIMAC Fitness Gym,Thursday,38,09:30,35.75,4,35.0,39.25,Low
RIMAC Fitness Gym,Thursday,39,09:45,52.6,5,51.0,58.0,Low
RIMAC Fitness Gym,Thursday,40,10:00,61.0,4,64.5,68.25,Low
RIMAC Fitness Gym,Thursday,41,10:15,63.75,4,62.0,72.25,Low
RIMAC Fitness Gym,Thursday,42,10:30,62.4,5,63.0,68.0,Low
RIMAC Fitness Gym,Thursday,43,10:45,46.5,4,41.0,51.5,Low
RIMAC Fitness Gym,Thursday,44,11:00,51.0,4,47.0,59.5,Low
RIMAC Fitness Gym,Thursday,45,11:15,61.75,4,58.5,67.75,Low
RIMAC Fitness Gym,Thursday,46,11:30,70.6,5,63.0,78.0,Low
RIMAC Fitness Gym,Thursday,47,11:45,81.5,4,72.0,86.5,Low
RIMAC Fitness Gym,Thursday,48,12:00,72.25,4,70.0,76.75,Low
RIMAC Fitness Gym,Thursday,49,12:15,68.75,4,69.0,72.75,Low
RIMAC Fitness Gym,Thursday,50,12:30,68.8,5,65.0,68.0,Low
RIMAC Fitness Gym,Thursday,51,12:45,80.0,3,76.0,85.5,Low
RIMAC Fitness Gym,Thursday,52,13:00,71.25,4,70.5,75.0,Low
RIMAC Fitness Gym,Thursday,53,13:15,69.2,5,67.0,70.0,Low
RIMAC Fitness Gym,Thursday,54,13:30,60.0,4,59.0,62.5,Low
RIMAC Fitness Gym,Thursday,55,13:45,54.25,4,53.5,62.75,Low
RIMAC Fitness Gym,Thursday,56,14:00,50.0,5,46.0,59.0,Low
RIMAC Fitness Gym,Thursday,57,14:15,67.66666666666667,3,71.0,76.0,Low
RIMAC Fitness Gym,Thursday,58,14:30,68.5,4,63.0,73.5,Low
RIMAC Fitness Gym,Thursday,59,14:45,70.6,5,75.0,76.0,Low
RIMAC Fitness Gym,Thursday,60,15:00,65.25,4,61.5,69.75,Low
RIMAC Fitness Gym,Thursday,61,15:15,60.2,5,55.0,59.0,Low
RIMAC Fitness Gym,Thursday,62,15:30,59.5,4,53.5,61.25,Low
RIMAC Fitness Gym,Thursday,63,15:45,64.75,4,57.5,68.25,Low
RIMAC Fitness Gym,Thursday,64,16:00,75.25,4,64.5,76.5,Low
RIMAC Fitness Gym,Thursday,65,16:15,74.375,4,67.0,80.625,Low
RIMAC Fitness Gym,Thursday,66,16:30,71.9,5,65.0,78.5,Low
RIMAC Fitness Gym,Thursday,67,16:45,70.5,4,69.0,77.5,Low
RIMAC Fitness Gym,Thursday,68,17:00,72.8,5,69.0,75.0,Low
RIMAC Fitness Gym,Thursday,69,17:15,74.25,4,70.5,77.25,Low
RIMAC Fitness Gym,Thursday,70,17:30,78.5,4,78.0,82.5,Low
RIMAC Fitness Gym,Thursday,71,17:45,76.75,4,74.0,82.75,Low
RIMAC Fitness Gym,Thursday,72,18:00,85.5,4,83.0,95.0,Low
RIMAC Fitness Gym,Thursday,73,18:15,78.75,4,76.0,87.5,Low
RIMAC Fitness Gym,Thursday,74,18:30,73.75,4,73.0,85.75,Low
RIMAC Fitness Gym,Thursday,75,18:45,73.5,4,74.0,87.0,Low
RIMAC Fitness Gym,Thursday,76,19:00,77.125,4,76.5,89.0,Low
RIMAC Fitness Gym,Thursday,77,19:15,71.0,4,73.5,79.0,Low
RIMAC Fitness Gym,Thursday,78,19:30,71.5,4,70.5,78.75,Low
RIMAC Fitness Gym,Thursday,79,19:45,93.5,4,89.0,120.0,Low
RIMAC Fitness Gym,Thursday,80,20:00,75.25,4,73.5,82.75,Low
RIMAC Fitness Gym,Thursday,81,20:15,76.4,5,79.0,83.0,Low
RIMAC Fitness Gym,Thursday,82,20:30,76.0,4,73.0,83.25,Low
RIMAC Fitness Gym,Thursday,83,20:45,77.5,4,74.0,80.5,Low
RIMAC Fitness Gym,Thursday,84,21:00,76.5,4,74.0,89.5,Low
RIMAC Fitness Gym,Thursday,85,21:15,76.5,4,72.0,91.5,Low
RIMAC Fitness Gym,Thursday,86,21:30,76.25,4,74.5,93.5,Low
RIMAC Fitness Gym,Thursday,87,21:45,84.75,4,84.0,102.25,Low
RIMAC Fitness Gym,Thursday,88,22:00,84.5,4,85.0,93.75,Low
RIMAC Fitness Gym,Thursday,89,22:15,73.25,4,73.5,83.5,Low
RIMAC Fitness Gym,Thursday,90,22:30,61.5,4,60.5,72.25,Low
RIMAC Fitness Gym,Thursday,91,22:45,43.0,4,41.0,54.0,Low
RIMAC Fitness Gym,Friday,24,06:00,1.0,3,1.0,1.5,Low
RIMAC Fitness Gym,Friday,25,06:15,14.666666666666666,3,15.0,15.5,Low
RIMAC Fitness Gym,Friday,26,06:30,26.666666666666668,3,26.0,27.5,Low
RIMAC Fitness Gym,Friday,27,06:45,34.0,4,35.0,40.0,Low
RIMAC Fitness Gym,Friday,28,07:00,36.0,3,40.0,40.5,Low
RIMAC Fitness Gym,Friday,29,07:15,43.0,3,47.0,49.0,Low
RIMAC Fitness Gym,Friday,30,07:30,45.666666666666664,3,47.0,52.0,Low
RIMAC Fitness Gym,Friday,31,07:45,54.5,4,53.0,73.5,Low
RIMAC Fitness Gym,Friday,32,08:00,42.666666666666664,3,40.0,47.5,Low
RIMAC Fitness Gym,Friday,33,08:15,39.0,3,37.0,43.0,Low
RIMAC Fitness Gym,Friday,34,08:30,42.0,4,43.5,46.75,Low
RIMAC Fitness Gym,Friday,35,08:45,41.0,3,41.0,43.0,Low
RIMAC Fitness Gym,Friday,36,09:00,47.25,4,47.5,51.0,Low
RIMAC Fitness Gym,Friday,37,09:15,48.333333333333336,3,51.0,54.0,Low
RIMAC Fitness Gym,Friday,38,09:30,51.0,3,51.0,59.0,Low
RIMAC Fitness Gym,Friday,39,09:45,53.25,4,50.5,56.75,Low
RIMAC Fitness Gym,Friday,40,10:00,54.666666666666664,3,46.0,61.5,Low
RIMAC Fitness Gym,Friday,41,10:15,66.66666666666667,3,54.0,73.0,Low
RIMAC Fitness Gym,Friday,42,10:30,67.8,5,59.0,73.0,Low
RIMAC Fitness Gym,Friday,43,10:45,70.5,4,71.0,74.0,Low
RIMAC Fitness Gym,Friday,44,11:00,62.25,4,63.0,68.0,Low
RIMAC Fitness Gym,Friday,45,11:15,62.0,4,64.0,69.5,Low
RIMAC Fitness Gym,Friday,46,11:30,68.25,4,68.0,72.5,Low
RIMAC Fitness Gym,Friday,47,11:45,85.75,4,83.0,106.0,Low
RIMAC Fitness Gym,Friday,48,12:00,66.0,5,66.0,70.0,Low
RIMAC Fitness Gym,Friday,49,12:15,72.0,4,72.5,77.75,Low
RIMAC Fitness Gym,Friday,50,12:30,69.25,4,68.0,73.5,Low
RIMAC Fitness Gym,Friday,51,12:45,64.0,5,59.0,72.0,Low
RIMAC Fitness Gym,Friday,52,13:00,69.25,4,67.0,76.5,Low
RIMAC Fitness Gym,Friday,53,13:15,70.5,4,73.0,75.5,Low
RIMAC Fitness Gym,Friday,54,13:30,71.0,5,69.0,77.0,Low
RIMAC Fitness Gym,Friday,55,13:45,69.25,4,73.5,78.75,Low
RIMAC Fitness Gym,Friday,56,14:00,66.8,5,69.0,77.0,Low
RIMAC Fitness Gym,Friday,57,14:15,73.0,4,76.0,81.0,Low
RIMAC Fitness Gym,Friday,58,14:30,72.5,4,79.0,83.5,Low
RIMAC Fitness Gym,Friday,59,14:45,77.2,5,78.0,87.0,Low
RIMAC Fitness Gym,Friday,60,15:00,69.0,4,67.5,75.5,Low
RIMAC Fitness Gym,Friday,61,15:15,73.2,5,73.0,81.0,Low
RIMAC Fitness Gym,Friday,62,15:30,78.25,4,73.5,84.0,Low
RIMAC Fitness Gym,Friday,63,15:45,84.75,4,78.0,95.25,Low
RIMAC Fitness Gym,Friday,64,16:00,69.0,5,61.0,85.0,Low
RIMAC Fitness Gym,Friday,65,16:15,71.75,4,71.5,80.5,Low
RIMAC Fitness Gym,Friday,66,16:30,67.0,4,70.0,74.5,Low
RIMAC Fitness Gym,Friday,67,16:45,69.6,5,71.0,81.0,Low
RIMAC Fitness Gym,Friday,68,17:00,65.0,4,68.5,72.0,Low
RIMAC Fitness Gym,Friday,69,17:15,74.0,4,73.5,82.0,Low
RIMAC Fitness Gym,Friday,70,17:30,79.5,4,79.0,84.75,Low
RIMAC Fitness Gym,Friday,71,17:45,79.0,4,78.5,85.0,Low
RIMAC Fitness Gym,Friday,72,18:00,87.25,4,87.5,95.5,Low
RIMAC Fitness Gym,Friday,73,18:15,80.66666666666667,3,78.0,83.5,Low
RIMAC Fitness Gym,Friday,74,18:30,71.0,4,70.0,75.25,Low
RIMAC Fitness Gym,Friday,75,18:45,65.8,5,67.0,69.0,Low
RIMAC Fitness Gym,Friday,76,19:00,64.25,4,63.0,70.0,Low
RIMAC Fitness Gym,Friday,77,19:15,63.0,4,61.0,69.5,Low
RIMAC Fitness Gym,Friday,78,19:30,66.75,4,68.0,77.0,Low
RIMAC Fitness Gym,Friday,79,19:45,63.0,3,60.0,65.0,Low
RIMAC Fitness Gym,Friday,80,20:00,63.0,4,63.0,67.0,Low
RIMAC Fitness Gym,Friday,81,20:15,63.25,4,63.0,71.0,Low
RIMAC Fitness Gym,Friday,82,20:30,62.0,4,63.0,71.0,Low
RIMAC Fitness Gym,Friday,83,20:45,68.5,4,67.0,73.0,Low
RIMAC Fitness Gym,Friday,84,21:00,59.6,5,54.0,71.0,Low
RIMAC Fitness Gym,Friday,85,21:15,60.75,4,60.0,67.75,Low
RIMAC Fitness Gym,Friday,86,21:30,58.5,4,58.5,67.75,Low
RIMAC Fitness Gym,Friday,87,21:45,62.0,4,61.5,68.5,Low
RIMAC Fitness Gym,Friday,88,22:00,58.0,4,54.5,63.25,Low
RIMAC Fitness Gym,Friday,89,22:15,58.5,4,57.5,67.25,Low
RIMAC Fitness Gym,Friday,90,22:30,44.8,5,44.0,54.0,Low
RIMAC Fitness Gym,Friday,91,22:45,35.75,4,36.0,41.25,Low
RIMAC Fitness Gym,Saturday,32,08:00,0.75,4,1.0,1.0,Low
RIMAC Fitness Gym,Saturday,33,08:15,8.5,4,10.0,11.5,Low
RIMAC Fitness Gym,Saturday,34,08:30,20.2,5,25.0,30.0,Low
RIMAC Fitness Gym,Saturday,35,08:45,22.75,4,22.5,28.75,Low
RIMAC Fitness Gym,Saturday,36,09:00,25.6,5,29.0,33.0,Low
RIMAC Fitness Gym,Saturday,37,09:15,26.25,4,32.0,38.0,Low
RIMAC Fitness Gym,Saturday,38,09:30,30.25,4,38.0,41.75,Low
RIMAC Fitness Gym,Saturday,39,09:45,32.4,5,35.0,45.0,Low
RIMAC Fitness Gym,Saturday,40,10:00,31.5,4,36.0,44.0,Low
RIMAC Fitness Gym,Saturday,41,10:15,34.6,5,35.0,52.0,Low
RIMAC Fitness Gym,Saturday,42,10:30,36.5,4,42.0,58.0,Low
RIMAC Fitness Gym,Saturday,43,10:45,36.4,5,42.0,52.0,Low
RIMAC Fitness Gym,Saturday,44,11:00,38.25,4,47.5,53.25,Low
RIMAC Fitness Gym,Saturday,45,11:15,38.75,4,47.5,50.75,Low
RIMAC Fitness Gym,Saturday,46,11:30,41.4,5,49.0,51.0,Low
RIMAC Fitness Gym,Saturday,47,11:45,54.75,4,61.0,83.25,Low
RIMAC Fitness Gym,Saturday,48,12:00,38.5,4,48.5,54.75,Low
RIMAC Fitness Gym,Saturday,49,12:15,44.6,5,53.0,56.0,Low
RIMAC Fitness Gym,Saturday,50,12:30,43.0,4,54.5,60.0,Low
RIMAC Fitness Gym,Saturday,51,12:45,41.4,5,49.0,53.0,Low
RIMAC Fitness Gym,Saturday,52,13:00,38.5,4,50.0,53.0,Low
RIMAC Fitness Gym,Saturday,53,13:15,40.2,5,49.0,49.0,Low
RIMAC Fitness Gym,Saturday,54,13:30,34.0,4,45.0,45.25,Low
RIMAC Fitness Gym,Saturday,55,13:45,34.8,5,40.0,41.0,Low
RIMAC Fitness Gym,Saturday,56,14:00,28.0,4,36.0,39.0,Low
RIMAC Fitness Gym,Saturday,57,14:15,29.75,4,36.5,40.5,Low
RIMAC Fitness Gym,Saturday,58,14:30,35.6,5,45.0,45.0,Low
RIMAC Fitness Gym,Saturday,59,14:45,39.6,5,49.0,49.0,Low
RIMAC Fitness Gym,Saturday,60,15:00,39.75,4,52.5,53.0,Low
RIMAC Fitness Gym,Saturday,61,15:15,39.2,5,45.0,47.0,Low
RIMAC Fitness Gym,Saturday,62,15:30,35.75,4,45.0,48.25,Low
RIMAC Fitness Gym,Saturday,63,15:45,36.8,5,42.0,47.0,Low
RIMAC Fitness Gym,Saturday,64,16:00,35.5,4,41.0,50.75,Low
RIMAC Fitness Gym,Saturday,65,16:15,37.0,5,39.0,45.0,Low
RIMAC Fitness Gym,Saturday,66,16:30,37.75,4,44.0,51.0,Low
RIMAC Fitness Gym,Saturday,67,16:45,43.2,5,47.0,50.0,Low
RIMAC Fitness Gym,Saturday,68,17:00,44.5,4,50.0,56.75,Low
RIMAC Fitness Gym,Saturday,69,17:15,41.8,5,42.0,59.0,Low
RIMAC Fitness Gym,Saturday,70,17:30,42.25,4,50.5,56.75,Low
RIMAC Fitness Gym,Saturday,71,17:45,41.5,4,48.0,54.0,Low
RIMAC Fitness Gym,Saturday,72,18:00,43.734,5,52.0,55.0,Low
RIMAC Fitness Gym,Saturday,73,18:15,40.465999999999994,5,45.33,53.0,Low
RIMAC Fitness Gym,Saturday,74,18:30,46.8,5,54.0,58.0,Low
RIMAC Fitness Gym,Saturday,75,18:45,43.8,5,49.0,58.0,Low
RIMAC Fitness Gym,Saturday,76,19:00,43.4,5,45.0,63.0,Low
RIMAC Fitness Gym,Saturday,77,19:15,48.8,5,51.0,68.0,Low
RIMAC Fitness Gym,Saturday,78,19:30,41.0,5,41.0,63.0,Low
RIMAC Fitness Gym,Saturday,79,19:45,39.0,4,46.0,56.25,Low
RIMAC Fitness Gym,Saturday,80,20:00,42.2,5,51.0,51.0,Low
RIMAC Fitness Gym,Saturday,81,20:15,42.0,5,50.0,54.0,Low
RIMAC Fitness Gym,Saturday,82,20:30,39.8,5,45.0,49.0,Low
RIMAC Fitness Gym,Saturday,83,20:45,40.0,5,45.0,52.0,Low
RIMAC Fitness Gym,Saturday,84,21:00,40.0,5,47.0,55.0,Low
RIMAC Fitness Gym,Saturday,85,21:15,43.0,5,53.0,55.0,Low
RIMAC Fitness Gym,Saturday,86,21:30,42.6,5,47.0,57.0,Low
RIMAC Fitness Gym,Saturday,87,21:45,44.8,5,53.0,62.0,Low
RIMAC Fitness Gym,Saturday,88,22:00,41.4,5,46.0,61.0,Low
RIMAC Fitness Gym,Saturday,89,22:15,39.8,5,52.0,54.0,Low
RIMAC Fitness Gym,Saturday,90,22:30,33.4,5,36.0,48.0,Low
RIMAC Fitness Gym,Saturday,91,22:45,22.0,5,28.0,33.0,Low
RIMAC Fitness Gym,Sunday,32,08:00,3.0,4,0.5,3.5,Low
RIMAC Fitness Gym,Sunday,33,08:15,13.0,4,12.0,14.25,Low
RIMAC Fitness Gym,Sunday,34,08:30,22.2,5,21.0,24.0,Low
RIMAC Fitness Gym,Sunday,35,08:45,28.5,4,28.5,32.0,Low
RIMAC Fitness Gym,Sunday,36,09:00,29.0,4,28.0,30.25,Low
RIMAC Fitness Gym,Sunday,37,09:15,27.75,4,28.0,33.0,Low
RIMAC Fitness Gym,Sunday,38,09:30,28.5,4,29.0,34.5,Low
RIMAC Fitness Gym,Sunday,39,09:45,32.8,5,30.0,36.0,Low
RIMAC Fitness Gym,Sunday,40,10:00,35.8,5,36.0,37.0,Low
RIMAC Fitness Gym,Sunday,41,10:15,36.2,5,37.0,39.0,Low
RIMAC Fitness Gym,Sunday,42,10:30,34.4,5,33.0,39.0,Low
RIMAC Fitness Gym,Sunday,43,10:45,37.0,5,35.0,45.0,Low
RIMAC Fitness Gym,Sunday,44,11:00,35.2,5,31.0,41.0,Low
RIMAC Fitness Gym,Sunday,45,11:15,32.4,5,29.0,31.0,Low
RIMAC Fitness Gym,Sunday,46,11:30,32.8,5,35.0,35.0,Low
RIMAC Fitness Gym,Sunday,47,11:45,34.6,5,31.0,42.0,Low
RIMAC Fitness Gym,Sunday,48,12:00,35.6,5,33.0,39.0,Low
RIMAC Fitness Gym,Sunday,49,12:15,43.0,5,41.0,49.0,Low
RIMAC Fitness Gym,Sunday,50,12:30,40.2,5,45.0,47.0,Low
RIMAC Fitness Gym,Sunday,51,12:45,39.0,5,37.0,43.0,Low
RIMAC Fitness Gym,Sunday,52,13:00,38.2,5,38.0,41.0,Low
RIMAC Fitness Gym,Sunday,53,13:15,37.6,5,37.0,40.0,Low
RIMAC Fitness Gym,Sunday,54,13:30,38.2,5,37.0,42.0,Low
RIMAC Fitness Gym,Sunday,55,13:45,33.6,5,35.0,37.0,Low
RIMAC Fitness Gym,Sunday,56,14:00,32.6,5,33.0,35.0,Low
RIMAC Fitness Gym,Sunday,57,14:15,35.4,5,35.0,39.0,Low
RIMAC Fitness Gym,Sunday,58,14:30,38.0,5,39.0,40.0,Low
RIMAC Fitness Gym,Sunday,59,14:45,35.4,5,32.0,39.0,Low
RIMAC Fitness Gym,Sunday,60,15:00,38.6,5,39.0,43.0,Low
RIMAC Fitness Gym,Sunday,61,15:15,40.8,5,37.0,39.0,Low
RIMAC Fitness Gym,Sunday,62,15:30,42.0,5,38.0,46.0,Low
RIMAC Fitness Gym,Sunday,63,15:45,45.2,5,40.0,45.0,Low
RIMAC Fitness Gym,Sunday,64,16:00,55.8,5,44.0,51.0,Low
RIMAC Fitness Gym,Sunday,65,16:15,46.6,5,39.0,40.0,Low
RIMAC Fitness Gym,Sunday,66,16:30,49.6,5,43.0,50.0,Low
RIMAC Fitness Gym,Sunday,67,16:45,47.4,5,41.0,43.0,Low
RIMAC Fitness Gym,Sunday,68,17:00,48.2,5,46.0,47.0,Low
RIMAC Fitness Gym,Sunday,69,17:15,50.6,5,51.0,57.0,Low
RIMAC Fitness Gym,Sunday,70,17:30,49.8,5,47.0,57.0,Low
RIMAC Fitness Gym,Sunday,71,17:45,49.8,5,47.0,53.0,Low
RIMAC Fitness Gym,Sunday,72,18:00,51.8,5,43.0,66.0,Low
RIMAC Fitness Gym,Sunday,73,18:15,53.0,5,59.0,63.0,Low
RIMAC Fitness Gym,Sunday,74,18:30,53.4,5,56.0,68.0,Low
RIMAC Fitness Gym,Sunday,75,18:45,55.0,5,55.0,64.0,Low
RIMAC Fitness Gym,Sunday,76,19:00,51.6,5,51.0,61.0,Low
RIMAC Fitness Gym,Sunday,77,19:15,47.4,5,49.0,53.0,Low
RIMAC Fitness Gym,Sunday,78,19:30,48.4,5,48.0,51.0,Low
RIMAC Fitness Gym,Sunday,79,19:45,49.2,5,50.0,51.0,Low
RIMAC Fitness Gym,Sunday,80,20:00,44.4,5,46.0,47.0,Low
RIMAC Fitness Gym,Sunday,81,20:15,47.8,5,47.0,51.0,Low
RIMAC Fitness Gym,Sunday,82,20:30,50.8,5,51.0,55.0,Low
RIMAC Fitness Gym,Sunday,83,20:45,53.8,5,57.0,59.0,Low
RIMAC Fitness Gym,Sunday,84,21:00,54.2,5,52.0,61.0,Low
RIMAC Fitness Gym,Sunday,85,21:15,60.2,5,58.0,67.0,Low
RIMAC Fitness Gym,Sunday,86,21:30,56.8,5,61.0,62.0,Low
RIMAC Fitness Gym,Sunday,87,21:45,58.0,5,60.0,61.0,Low
RIMAC Fitness Gym,Sunday,88,22:00,53.6,5,54.0,57.0,Low
RIMAC Fitness Gym,Sunday,89,22:15,50.4,5,51.0,57.0,Low
RIMAC Fitness Gym,Sunday,90,22:30,41.8,5,44.0,45.0,Low
RIMAC Fitness Gym,Sunday,91,22:45,31.6,5,31.0,37.0,Low
