timestamp,day_of_week,date,time,facility_name,status,percent_full,raw_text,people,capacity,is_open,hour_summary
2026-03-31T09:38:30-07:00,Tuesday,2026-03-31,09:38:30,Main Gym Fitness Gym,Not Busy,19,Not Busy (19%),14,72,True,open
2026-03-31T09:38:30-07:00,Tuesday,2026-03-31,09:38:30,Outback Climbing Center,Closed,14,Closed,4,30,False,Closed until 10:00am
2026-03-31T09:38:30-07:00,Tuesday,2026-03-31,09:38:30,RIMAC Fitness Gym,Busy,53,Busy (53%),80,150,True,open
2026-03-31T09:38:30-07:00,Tuesday,2026-03-31,09:38:30,Triton Esports Center,Not Busy,15,Not Busy (15%),5,35,True,open
2026-03-31T10:15:48-07:00,Tuesday,2026-03-31,10:15:48,Main Gym Fitness Gym,Active,39,Not Busy (39%),28,72,True,open
2026-03-31T10:15:48-07:00,Tuesday,2026-03-31,10:15:48,Outback Climbing Center,Active,43,Not Busy (43%),13,30,True,open
2026-03-31T10:15:48-07:00,Tuesday,2026-03-31,10:15:48,RIMAC Fitness Gym,Busy,64,Busy (64%),96,150,True,open
2026-03-31T10:15:48-07:00,Tuesday,2026-03-31,10:15:48,Triton Esports Center,Active,28,Not Busy (28%),10,35,True,open
2026-03-31T11:09:02-07:00,Tuesday,2026-03-31,11:09:02,Main Gym Fitness Gym,Active,48,Busy (48%),34,72,True,open
2026-03-31T11:09:02-07:00,Tuesday,2026-03-31,11:09:02,Outback Climbing Center,Busy,74,Busy (74%),22,30,True,open
2026-03-31T11:09:02-07:00,Tuesday,2026-03-31,11:09:02,RIMAC Fitness Gym,Busy,63,Busy (63%),95,150,True,open
2026-03-31T11:09:02-07:00,Tuesday,2026-03-31,11:09:02,Triton Esports Center,Active,45,Not Busy (45%),16,35,True,open
2026-03-31T12:18:17-07:00,Tuesday,2026-03-31,12:18:17,Main Gym Fitness Gym,Active,45,Not Busy (45%),32,72,True,open
2026-03-31T12:18:17-07:00,Tuesday,2026-03-31,12:18:17,Outback Climbing Center,Busy,59,Busy (59%),18,30,True,open
2026-03-31T12:18:17-07:00,Tuesday,2026-03-31,12:18:17,RIMAC Fitness Gym,Busy,51,Busy (51%),76,150,True,open
2026-03-31T12:18:17-07:00,Tuesday,2026-03-31,12:18:17,Triton Esports Center,Active,45,Not Busy (45%),16,35,True,open
2026-03-31T13:02:02-07:00,Tuesday,2026-03-31,13:02:02,Main Gym Fitness Gym,Busy,56,Busy (56%),40,72,True,open
2026-03-31T13:02:02-07:00,Tuesday,2026-03-31,13:02:02,Outback Climbing Center,Very Active,99,Very Busy (99%),50,30,True,open
2026-03-31T13:02:02-07:00,Tuesday,2026-03-31,13:02:02,RIMAC Fitness Gym,Busy,70,Busy (70%),104,150,True,open
2026-03-31T13:02:02-07:00,Tuesday,2026-03-31,13:02:02,Triton Esports Center,Busy,60,Busy (60%),21,35,True,open
2026-03-31T13:53:27-07:00,Tuesday,2026-03-31,13:53:27,Main Gym Fitness Gym,Active,49,Busy (49%),35,72,True,open
2026-03-31T13:53:27-07:00,Tuesday,2026-03-31,13:53:27,Outback Climbing Center,Very Active,75,Busy (75%),22,30,True,open
2026-03-31T13:53:27-07:00,Tuesday,2026-03-31,13:53:27,RIMAC Fitness Gym,Busy,54,Busy (54%),82,150,True,open
2026-03-31T13:53:27-07:00,Tuesday,2026-03-31,13:53:27,Triton Esports Center,Active,47,Busy (47%),16,35,True,open
2026-03-31T14:27:42-07:00,Tuesday,2026-03-31,14:27:42,Main Gym Fitness Gym,Active,34,Not Busy (34%),24,72,True,open
2026-03-31T14:27:42-07:00,Tuesday,2026-03-31,14:27:42,Outback Climbing Center,Very Active,99,Very Busy (99%),34,30,True,open
2026-03-31T14:27:42-07:00,Tuesday,2026-03-31,14:27:42,RIMAC Fitness Gym,Busy,74,Busy (74%),111,150,True,open
2026-03-31T14:27:42-07:00,Tuesday,2026-03-31,14:27:42,Triton Esports Center,Busy,57,Busy (57%),20,35,True,open
2026-03-31T15:03:04-07:00,Tuesday,2026-03-31,15:03:04,Main Gym Fitness Gym,Active,38,Not Busy (38%),28,72,True,open
2026-03-31T15:03:04-07:00,Tuesday,2026-03-31,15:03:04,Outback Climbing Center,Very Active,99,Very Busy (99%),44,30,True,open
2026-03-31T15:03:04-07:00,Tuesday,2026-03-31,15:03:04,RIMAC Fitness Gym,Busy,70,Busy (70%),105,150,True,open
2026-03-31T15:03:04-07:00,Tuesday,2026-03-31,15:03:04,Triton Esports Center,Busy,63,Busy (63%),22,35,True,open
2026-03-31T15:47:21-07:00,Tuesday,2026-03-31,15:47:21,Main Gym Fitness Gym,Busy,50,Busy (50%),36,72,True,open
2026-03-31T15:47:21-07:00,Tuesday,2026-03-31,15:47:21,Outback Climbing Center,Very Active,99,Very Busy (99%),66,30,True,open
2026-03-31T15:47:21-07:00,Tuesday,2026-03-31,15:47:21,RIMAC Fitness Gym,Busy,69,Busy (69%),104,150,True,open
2026-03-31T15:47:21-07:00,Tuesday,2026-03-31,15:47:21,Triton Esports Center,Very Active,86,Very Busy (86%),30,35,True,open
2026-03-31T16:19:35-07:00,Tuesday,2026-03-31,16:19:35,Main Gym Fitness Gym,Active,42,Not Busy (42%),30,72,True,open
2026-03-31T16:19:35-07:00,Tuesday,2026-03-31,16:19:35,Outback Climbing Center,Very Active,99,Very Busy (99%),65,30,True,open
2026-03-31T16:19:35-07:00,Tuesday,2026-03-31,16:19:35,RIMAC Fitness Gym,Very Active,99,Very Busy (99%),159,150,True,open
2026-03-31T16:19:35-07:00,Tuesday,2026-03-31,16:19:35,Triton Esports Center,Busy,67,Busy (67%),23,35,True,open
2026-03-31T16:52:45-07:00,Tuesday,2026-03-31,16:52:45,Main Gym Fitness Gym,Busy,52,Busy (52%),38,72,True,open
2026-03-31T16:52:45-07:00,Tuesday,2026-03-31,16:52:45,Outback Climbing Center,Very Active,99,Very Busy (99%),86,30,True,open
2026-03-31T16:52:45-07:00,Tuesday,2026-03-31,16:52:45,RIMAC Fitness Gym,Very Active,75,Busy (75%),113,150,True,open
2026-03-31T16:52:45-07:00,Tuesday,2026-03-31,16:52:45,Triton Esports Center,Very Active,76,Busy (76%),26,35,True,open
2026-03-31T18:14:10-07:00,Tuesday,2026-03-31,18:14:10,Main Gym Fitness Gym,Active,37,Not Busy (37%),27,72,True,open
2026-03-31T18:14:10-07:00,Tuesday,2026-03-31,18:14:10,Outback Climbing Center,Very Active,99,Very Busy (99%),66,30,True,open
2026-03-31T18:14:10-07:00,Tuesday,2026-03-31,18:14:10,RIMAC Fitness Gym,Very Active,75,Busy (75%),113,150,True,open
2026-03-31T18:14:10-07:00,Tuesday,2026-03-31,18:14:10,Triton Esports Center,Busy,55,Busy (55%),19,35,True,open
2026-03-31T21:22:10-07:00,Tuesday,2026-03-31,21:22:10,Main Gym Fitness Gym,Active,44,Not Busy (44%),31,72,True,open
2026-03-31T21:22:10-07:00,Tuesday,2026-03-31,21:22:10,Outback Climbing Center,Very Active,99,Very Busy (99%),44,30,True,open
2026-03-31T21:22:10-07:00,Tuesday,2026-03-31,21:22:10,RIMAC Fitness Gym,Busy,61,Busy (61%),92,150,True,open
2026-03-31T21:22:10-07:00,Tuesday,2026-03-31,21:22:10,Triton Esports Center,Active,43,Not Busy (43%),15,35,True,open
2026-03-31T23:07:50-07:00,Tuesday,2026-03-31,23:07:50,Main Gym Fitness Gym,Closed,5,Closed,4,72,False,Closed until 6:00am
2026-03-31T23:07:50-07:00,Tuesday,2026-03-31,23:07:50,Outback Climbing Center,Closed,1,Closed,0,30,False,Closed until 10:00am
2026-03-31T23:07:50-07:00,Tuesday,2026-03-31,23:07:50,RIMAC Fitness Gym,Closed,0,Closed,0,150,False,Closed until 6:00am
2026-03-31T23:07:50-07:00,Tuesday,2026-03-31,23:07:50,Triton Esports Center,Closed,0,Closed,0,35,False,Closed until 7:30am
2026-04-01T00:51:56-07:00,Wednesday,2026-04-01,00:51:56,Main Gym Fitness Gym,Closed,2,Closed,1,72,False,Closed until 6:00am
2026-04-01T00:51:56-07:00,Wednesday,2026-04-01,00:51:56,Outback Climbing Center,Closed,1,Closed,0,30,False,Closed until 10:00am
2026-04-01T00:51:56-07:00,Wednesday,2026-04-01,00:51:56,RIMAC Fitness Gym,Closed,0,Closed,0,150,False,Closed until 6:00am
2026-04-01T00:51:56-07:00,Wednesday,2026-04-01,00:51:56,Triton Esports Center,Closed,0,Closed,0,35,False,Closed until 7:30am
2026-04-01T01:50:57-07:00,Wednesday,2026-04-01,01:50:57,Main Gym Fitness Gym,Closed,1,Closed,1,72,False,Closed until 6:00am
2026-04-01T01:50:57-07:00,Wednesday,2026-04-01,01:50:57,Outback Climbing Center,Closed,6,Closed,2,30,False,Closed until 10:00am
2026-04-01T01:50:57-07:00,Wednesday,2026-04-01,01:50:57,RIMAC Fitness Gym,Closed,0,Closed,0,150,False,Closed until 6:00am
2026-04-01T01:50:57-07:00,Wednesday,2026-04-01,01:50:57,Triton Esports Center,Closed,0,Closed,0,35,False,Closed until 7:30am
2026-04-01T02:54:58-07:00,Wednesday,2026-04-01,02:54:58,Main Gym Fitness Gym,Closed,1,Closed,1,72,False,Closed until 6:00am
2026-04-01T02:54:58-07:00,Wednesday,2026-04-01,02:54:58,Outback Climbing Center,Closed,2,Closed,1,30,False,Closed until 10:00am
2026-04-01T02:54:58-07:00,Wednesday,2026-04-01,02:54:58,RIMAC Fitness Gym,Closed,0,Closed,0,150,False,Closed until 6:00am
2026-04-01T02:54:58-07:00,Wednesday,2026-04-01,02:54:58,Triton Esports Center,Closed,0,Closed,0,35,False,Closed until 7:30am
2026-04-01T03:48:44-07:00,Wednesday,2026-04-01,03:48:44,Main Gym Fitness Gym,Closed,1,Closed,1,72,False,Closed until 6:00am
2026-04-01T03:48:44-07:00,Wednesday,2026-04-01,03:48:44,Outback Climbing Center,Closed,8,Closed,2,30,False,Closed until 10:00am
2026-04-01T03:48:44-07:00,Wednesday,2026-04-01,03:48:44,RIMAC Fitness Gym,Closed,0,Closed,0,150,False,Closed until 6:00am
2026-04-01T03:48:44-07:00,Wednesday,2026-04-01,03:48:44,Triton Esports Center,Closed,0,Closed,0,35,False,Closed until 7:30am
2026-04-01T04:39:58-07:00,Wednesday,2026-04-01,04:39:58,Main Gym Fitness Gym,Closed,1,Closed,1,72,False,Closed until 6:00am
2026-04-01T04:39:58-07:00,Wednesday,2026-04-01,04:39:58,Outback Climbing Center,Closed,7,Closed,2,30,False,Closed until 10:00am
2026-04-01T04:39:58-07:00,Wednesday,2026-04-01,04:39:58,RIMAC Fitness Gym,Closed,0,Closed,1,150,False,Closed until 6:00am
2026-04-01T04:39:58-07:00,Wednesday,2026-04-01,04:39:58,Triton Esports Center,Closed,0,Closed,0,35,False,Closed until 7:30am
2026-04-01T05:41:21-07:00,Wednesday,2026-04-01,05:41:21,Main Gym Fitness Gym,Closed,1,Closed,1,72,False,Closed until 6:00am
2026-04-01T05:41:21-07:00,Wednesday,2026-04-01,05:41:21,Outback Climbing Center,Closed,1,Closed,0,30,False,Closed until 10:00am
2026-04-01T05:41:21-07:00,Wednesday,2026-04-01,05:41:21,RIMAC Fitness Gym,Closed,0,Closed,0,150,False,Closed until 6:00am
2026-04-01T05:41:21-07:00,Wednesday,2026-04-01,05:41:21,Triton Esports Center,Closed,0,Closed,0,35,False,Closed until 7:30am
2026-04-01T07:16:28-07:00,Wednesday,2026-04-01,07:16:28,Main Gym Fitness Gym,Active,32,Not Busy (32%),23,72,True,open
2026-04-01T07:16:28-07:00,Wednesday,2026-04-01,07:16:28,Outback Climbing Center,Closed,2,Closed,1,30,False,Closed until 10:00am
2026-04-01T07:16:28-07:00,Wednesday,2026-04-01,07:16:28,RIMAC Fitness Gym,Active,33,Not Busy (33%),49,150,True,open
2026-04-01T07:16:28-07:00,Wednesday,2026-04-01,07:16:28,Triton Esports Center,Closed,0,Closed,0,35,False,Closed until 7:30am
2026-04-01T08:45:23-07:00,Wednesday,2026-04-01,08:45:23,Main Gym Fitness Gym,Active,25,Not Busy (25%),18,72,True,open
2026-04-01T08:45:23-07:00,Wednesday,2026-04-01,08:45:23,Outback Climbing Center,Closed,7,Closed,2,30,False,Closed until 10:00am
2026-04-01T08:45:23-07:00,Wednesday,2026-04-01,08:45:23,RIMAC Fitness Gym,Active,41,Not Busy (41%),61,150,True,open
2026-04-01T08:45:23-07:00,Wednesday,2026-04-01,08:45:23,Triton Esports Center,Not Busy,9,Not Busy (9%),3,35,True,open
2026-04-01T09:38:57-07:00,Wednesday,2026-04-01,09:38:57,Main Gym Fitness Gym,Active,33,Not Busy (33%),24,72,True,open
2026-04-01T09:38:57-07:00,Wednesday,2026-04-01,09:38:57,Outback Climbing Center,Closed,34,Closed,10,30,False,Closed until 10:00am
2026-04-01T09:38:57-07:00,Wednesday,2026-04-01,09:38:57,RIMAC Fitness Gym,Busy,53,Busy (53%),79,150,True,open
2026-04-01T09:38:57-07:00,Wednesday,2026-04-01,09:38:57,Triton Esports Center,Not Busy,12,Not Busy (12%),4,35,True,open
2026-04-01T10:34:13-07:00,Wednesday,2026-04-01,10:34:13,Main Gym Fitness Gym,Active,47,Busy (47%),34,72,True,open
2026-04-01T10:34:13-07:00,Wednesday,2026-04-01,10:34:13,Outback Climbing Center,Busy,63,Busy (63%),19,30,True,open
2026-04-01T10:34:13-07:00,Wednesday,2026-04-01,10:34:13,RIMAC Fitness Gym,Active,49,Busy (49%),74,150,True,open
2026-04-01T10:34:13-07:00,Wednesday,2026-04-01,10:34:13,Triton Esports Center,Active,26,Not Busy (26%),9,35,True,open
2026-04-01T11:32:36-07:00,Wednesday,2026-04-01,11:32:36,Main Gym Fitness Gym,Active,34,Not Busy (34%),25,72,True,open
2026-04-01T11:32:36-07:00,Wednesday,2026-04-01,11:32:36,Outback Climbing Center,Busy,53,Busy (53%),16,30,True,open
2026-04-01T11:32:36-07:00,Wednesday,2026-04-01,11:32:36,RIMAC Fitness Gym,Busy,60,Busy (60%),89,150,True,open
2026-04-01T11:32:36-07:00,Wednesday,2026-04-01,11:32:36,Triton Esports Center,Busy,64,Busy (64%),22,35,True,open
2026-04-01T12:31:54-07:00,Wednesday,2026-04-01,12:31:54,Main Gym Fitness Gym,Busy,64,Busy (64%),46,72,True,open
2026-04-01T12:31:54-07:00,Wednesday,2026-04-01,12:31:54,Outback Climbing Center,Very Active,84,Very Busy (84%),25,30,True,open
2026-04-01T12:31:54-07:00,Wednesday,2026-04-01,12:31:54,RIMAC Fitness Gym,Busy,70,Busy (70%),106,150,True,open
2026-04-01T12:31:54-07:00,Wednesday,2026-04-01,12:31:54,Triton Esports Center,Very Active,76,Busy (76%),27,35,True,open
2026-04-01T12:45:23-07:00,Wednesday,2026-04-01,12:45:23,Main Gym Fitness Gym,Active,43,Not Busy (43%),31,72,True,open
2026-04-01T12:45:23-07:00,Wednesday,2026-04-01,12:45:23,Outback Climbing Center,Very Active,84,Very Busy (84%),25,30,True,open
2026-04-01T12:45:23-07:00,Wednesday,2026-04-01,12:45:23,RIMAC Fitness Gym,Busy,59,Busy (59%),88,150,True,open
2026-04-01T12:45:23-07:00,Wednesday,2026-04-01,12:45:23,Triton Esports Center,Busy,52,Busy (52%),18,35,True,open
2026-04-01T13:08:08-07:00,Wednesday,2026-04-01,13:08:08,Main Gym Fitness Gym,Active,48,Busy (48%),35,72,True,open
2026-04-01T13:08:08-07:00,Wednesday,2026-04-01,13:08:08,Outback Climbing Center,Very Active,99,Very Busy (99%),38,30,True,open
2026-04-01T13:08:08-07:00,Wednesday,2026-04-01,13:08:08,RIMAC Fitness Gym,Busy,59,Busy (59%),88,150,True,open
2026-04-01T13:08:08-07:00,Wednesday,2026-04-01,13:08:08,Triton Esports Center,Active,44,Not Busy (44%),16,35,True,open
2026-04-01T14:00:34-07:00,Wednesday,2026-04-01,14:00:34,Main Gym Fitness Gym,Active,32,Not Busy (32%),23,72,True,open
2026-04-01T14:00:34-07:00,Wednesday,2026-04-01,14:00:34,Outback Climbing Center,Very Active,87,Very Busy (87%),26,30,True,open
2026-04-01T14:00:34-07:00,Wednesday,2026-04-01,14:00:34,RIMAC Fitness Gym,Busy,65,Busy (65%),97,150,True,open
2026-04-01T14:00:34-07:00,Wednesday,2026-04-01,14:00:34,Triton Esports Center,Busy,61,Busy (61%),22,35,True,open
2026-04-01T14:57:01-07:00,Wednesday,2026-04-01,14:57:01,Main Gym Fitness Gym,Busy,64,Busy (64%),46,72,True,open
2026-04-01T14:57:01-07:00,Wednesday,2026-04-01,14:57:01,Outback Climbing Center,Very Active,99,Very Busy (99%),37,30,True,open
2026-04-01T14:57:01-07:00,Wednesday,2026-04-01,14:57:01,RIMAC Fitness Gym,Busy,68,Busy (68%),103,150,True,open
2026-04-01T14:57:01-07:00,Wednesday,2026-04-01,14:57:01,Triton Esports Center,Active,47,Busy (47%),16,35,True,open
2026-04-01T15:36:54-07:00,Wednesday,2026-04-01,15:36:54,Main Gym Fitness Gym,Active,48,Busy (48%),34,72,True,open
2026-04-01T15:36:54-07:00,Wednesday,2026-04-01,15:36:54,Outback Climbing Center,Very Active,99,Very Busy (99%),63,30,True,open
2026-04-01T15:36:54-07:00,Wednesday,2026-04-01,15:36:54,RIMAC Fitness Gym,Very Active,78,Busy (78%),116,150,True,open
2026-04-01T15:36:54-07:00,Wednesday,2026-04-01,15:36:54,Triton Esports Center,Busy,69,Busy (69%),24,35,True,open
2026-04-01T16:21:20-07:00,Wednesday,2026-04-01,16:21:20,Main Gym Fitness Gym,Active,36,Not Busy (36%),26,72,True,open
2026-04-01T16:21:20-07:00,Wednesday,2026-04-01,16:21:20,Outback Climbing Center,Very Active,99,Very Busy (99%),69,30,True,open
2026-04-01T16:21:20-07:00,Wednesday,2026-04-01,16:21:20,RIMAC Fitness Gym,Very Active,76,Busy (76%),114,150,True,open
2026-04-01T16:21:20-07:00,Wednesday,2026-04-01,16:21:20,Triton Esports Center,Busy,62,Busy (62%),22,35,True,open
2026-04-01T16:55:34-07:00,Wednesday,2026-04-01,16:55:34,Main Gym Fitness Gym,Busy,53,Busy (53%),38,72,True,open
2026-04-01T16:55:34-07:00,Wednesday,2026-04-01,16:55:34,Outback Climbing Center,Very Active,99,Very Busy (99%),70,30,True,open
2026-04-01T16:55:34-07:00,Wednesday,2026-04-01,16:55:34,RIMAC Fitness Gym,Very Active,75,Busy (75%),112,150,True,open
2026-04-01T16:55:34-07:00,Wednesday,2026-04-01,16:55:34,Triton Esports Center,Busy,69,Busy (69%),24,35,True,open
2026-04-01T17:12:57-07:00,Wednesday,2026-04-01,17:12:57,Main Gym Fitness Gym,Active,30,Not Busy (30%),22,72,True,open
2026-04-01T17:12:57-07:00,Wednesday,2026-04-01,17:12:57,Outback Climbing Center,Very Active,99,Very Busy (99%),80,30,True,open
2026-04-01T17:12:57-07:00,Wednesday,2026-04-01,17:12:57,RIMAC Fitness Gym,Busy,71,Busy (71%),107,150,True,open
2026-04-01T17:12:57-07:00,Wednesday,2026-04-01,17:12:57,Triton Esports Center,Busy,57,Busy (57%),20,35,True,open
2026-04-01T18:55:13-07:00,Wednesday,2026-04-01,18:55:13,Main Gym Fitness Gym,Very Active,99,Very Busy (99%),81,72,True,open
2026-04-01T18:55:13-07:00,Wednesday,2026-04-01,18:55:13,Outback Climbing Center,Very Active,99,Very Busy (99%),70,30,True,open
2026-04-01T18:55:13-07:00,Wednesday,2026-04-01,18:55:13,RIMAC Fitness Gym,Busy,72,Busy (72%),108,150,True,open
2026-04-01T18:55:13-07:00,Wednesday,2026-04-01,18:55:13,Triton Esports Center,Busy,51,Busy (51%),18,35,True,open
2026-04-01T21:26:22-07:00,Wednesday,2026-04-01,21:26:22,Main Gym Fitness Gym,Busy,65,Busy (65%),47,72,True,open
2026-04-01T21:26:22-07:00,Wednesday,2026-04-01,21:26:22,Outback Climbing Center,Very Active,99,Very Busy (99%),49,30,True,open
2026-04-01T21:26:22-07:00,Wednesday,2026-04-01,21:26:22,RIMAC Fitness Gym,Busy,60,Busy (60%),89,150,True,open
2026-04-01T21:26:22-07:00,Wednesday,2026-04-01,21:26:22,Triton Esports Center,Active,44,Not Busy (44%),15,35,True,open
2026-04-01T22:56:14-07:00,Wednesday,2026-04-01,22:56:14,Main Gym Fitness Gym,Busy,72,Busy (72%),52,72,True,open
2026-04-01T22:56:14-07:00,Wednesday,2026-04-01,22:56:14,Outback Climbing Center,Closed,1,Closed,0,30,False,Closed until 10:00am
2026-04-01T22:56:14-07:00,Wednesday,2026-04-01,22:56:14,RIMAC Fitness Gym,Not Busy,14,Not Busy (14%),21,150,True,open
2026-04-01T22:56:14-07:00,Wednesday,2026-04-01,22:56:14,Triton Esports Center,Closed,0,Closed,0,35,False,Closed until 7:30am
2026-04-02T00:08:42-07:00,Thursday,2026-04-02,00:08:42,Main Gym Fitness Gym,Closed,1,Closed,1,72,False,Closed until 6:00am
2026-04-02T00:08:42-07:00,Thursday,2026-04-02,00:08:42,Outback Climbing Center,Closed,2,Closed,1,30,False,Closed until 10:00am
2026-04-02T00:08:42-07:00,Thursday,2026-04-02,00:08:42,RIMAC Fitness Gym,Closed,0,Closed,0,150,False,Closed until 6:00am
2026-04-02T00:08:42-07:00,Thursday,2026-04-02,00:08:42,Triton Esports Center,Closed,0,Closed,0,35,False,Closed until 7:30am
2026-04-02T01:14:42-07:00,Thursday,2026-04-02,01:14:42,Main Gym Fitness Gym,Closed,1,Closed,1,72,False,Closed until 6:00am
2026-04-02T01:14:42-07:00,Thursday,2026-04-02,01:14:42,Outback Climbing Center,Closed,1,Closed,0,30,False,Closed until 10:00am
2026-04-02T01:14:42-07:00,Thursday,2026-04-02,01:14:42,RIMAC Fitness Gym,Closed,0,Closed,0,150,False,Closed until 6:00am
2026-04-02T01:14:42-07:00,Thursday,2026-04-02,01:14:42,Triton Esports Center,Closed,0,Closed,0,35,False,Closed until 7:30am
2026-04-02T02:16:54-07:00,Thursday,2026-04-02,02:16:54,Main Gym Fitness Gym,Closed,1,Closed,1,72,False,Closed until 6:00am
2026-04-02T02:16:54-07:00,Thursday,2026-04-02,02:16:54,Outback Climbing Center,Closed,3,Closed,1,30,False,Closed until 10:00am
2026-04-02T02:16:54-07:00,Thursday,2026-04-02,02:16:54,RIMAC Fitness Gym,Closed,0,Closed,0,150,False,Closed until 6:00am
2026-04-02T02:16:54-07:00,Thursday,2026-04-02,02:16:54,Triton Esports Center,Closed,0,Closed,0,35,False,Closed until 7:30am
2026-04-02T03:29:17-07:00,Thursday,2026-04-02,03:29:17,Main Gym Fitness Gym,Closed,1,Closed,1,72,False,Closed until 6:00am
2026-04-02T03:29:17-07:00,Thursday,2026-04-02,03:29:17,Outback Climbing Center,Closed,2,Closed,1,30,False,Closed until 10:00am
2026-04-02T03:29:17-07:00,Thursday,2026-04-02,03:29:17,RIMAC Fitness Gym,Closed,0,Closed,1,150,False,Closed until 6:00am
2026-04-02T03:29:17-07:00,Thursday,2026-04-02,03:29:17,Triton Esports Center,Closed,0,Closed,0,35,False,Closed until 7:30am
2026-04-02T04:25:41-07:00,Thursday,2026-04-02,04:25:41,Main Gym Fitness Gym,Closed,1,Closed,1,72,False,Closed until 6:00am
2026-04-02T04:25:41-07:00,Thursday,2026-04-02,04:25:41,Outback Climbing Center,Closed,1,Closed,0,30,False,Closed until 10:00am
2026-04-02T04:25:41-07:00,Thursday,2026-04-02,04:25:41,RIMAC Fitness Gym,Closed,0,Closed,1,150,False,Closed until 6:00am
2026-04-02T04:25:41-07:00,Thursday,2026-04-02,04:25:41,Triton Esports Center,Closed,0,Closed,0,35,False,Closed until 7:30am
2026-04-02T05:05:03-07:00,Thursday,2026-04-02,05:05:03,Main Gym Fitness Gym,Closed,2,Closed,1,72,False,Closed until 6:00am
2026-04-02T05:05:03-07:00,Thursday,2026-04-02,05:05:03,Outback Climbing Center,Closed,3,Closed,1,30,False,Closed until 10:00am
2026-04-02T05:05:03-07:00,Thursday,2026-04-02,05:05:03,RIMAC Fitness Gym,Closed,0,Closed,0,150,False,Closed until 6:00am
2026-04-02T05:05:03-07:00,Thursday,2026-04-02,05:05:03,Triton Esports Center,Closed,0,Closed,0,35,False,Closed until 7:30am
2026-04-02T06:56:13-07:00,Thursday,2026-04-02,06:56:13,Main Gym Fitness Gym,Active,25,Not Busy (25%),18,72,True,open
2026-04-02T06:56:13-07:00,Thursday,2026-04-02,06:56:13,Outback Climbing Center,Closed,4,Closed,1,30,False,Closed until 10:00am
2026-04-02T06:56:13-07:00,Thursday,2026-04-02,06:56:13,RIMAC Fitness Gym,Active,25,Not Busy (25%),38,150,True,open
2026-04-02T06:56:13-07:00,Thursday,2026-04-02,06:56:13,Triton Esports Center,Closed,0,Closed,0,35,False,Closed until 7:30am
2026-04-02T07:53:12-07:00,Thursday,2026-04-02,07:53:12,Main Gym Fitness Gym,Not Busy,4,Not Busy (4%),3,72,True,open
2026-04-02T07:53:12-07:00,Thursday,2026-04-02,07:53:12,Outback Climbing Center,Closed,8,Closed,2,30,False,Closed until 10:00am
2026-04-02T07:53:12-07:00,Thursday,2026-04-02,07:53:12,RIMAC Fitness Gym,Active,29,Not Busy (29%),43,150,True,open
2026-04-02T07:53:12-07:00,Thursday,2026-04-02,07:53:12,Triton Esports Center,Not Busy,11,Not Busy (11%),4,35,True,open
2026-04-02T08:55:40-07:00,Thursday,2026-04-02,08:55:40,Main Gym Fitness Gym,Not Busy,15,Not Busy (15%),11,72,True,open
2026-04-02T08:55:40-07:00,Thursday,2026-04-02,08:55:40,Outback Climbing Center,Closed,18,Closed,5,30,False,Closed until 10:00am
2026-04-02T08:55:40-07:00,Thursday,2026-04-02,08:55:40,RIMAC Fitness Gym,Busy,53,Busy (53%),80,150,True,open
2026-04-02T08:55:40-07:00,Thursday,2026-04-02,08:55:40,Triton Esports Center,Not Busy,2,Not Busy (2%),1,35,True,open
2026-04-02T09:53:11-07:00,Thursday,2026-04-02,09:53:11,Main Gym Fitness Gym,Active,28,Not Busy (28%),20,72,True,open
2026-04-02T09:53:11-07:00,Thursday,2026-04-02,09:53:11,Outback Climbing Center,Closed,3,Closed,1,30,False,Closed until 10:00am
2026-04-02T09:53:11-07:00,Thursday,2026-04-02,09:53:11,RIMAC Fitness Gym,Busy,50,Busy (50%),75,150,True,open
2026-04-02T09:53:11-07:00,Thursday,2026-04-02,09:53:11,Triton Esports Center,Not Busy,14,Not Busy (14%),5,35,True,open
2026-04-02T10:44:46-07:00,Thursday,2026-04-02,10:44:46,Main Gym Fitness Gym,Active,37,Not Busy (37%),27,72,True,open
2026-04-02T10:44:46-07:00,Thursday,2026-04-02,10:44:46,Outback Climbing Center,Very Active,99,Very Busy (99%),31,30,True,open
2026-04-02T10:44:46-07:00,Thursday,2026-04-02,10:44:46,RIMAC Fitness Gym,Busy,63,Busy (63%),94,150,True,open
2026-04-02T10:44:46-07:00,Thursday,2026-04-02,10:44:46,Triton Esports Center,Not Busy,20,Not Busy (20%),7,35,True,open
2026-04-02T11:36:43-07:00,Thursday,2026-04-02,11:36:43,Main Gym Fitness Gym,Busy,62,Busy (62%),45,72,True,open
2026-04-02T11:36:43-07:00,Thursday,2026-04-02,11:36:43,Outback Climbing Center,Very Active,99,Very Busy (99%),45,30,True,open
2026-04-02T11:36:43-07:00,Thursday,2026-04-02,11:36:43,RIMAC Fitness Gym,Very Active,78,Busy (78%),117,150,True,open
2026-04-02T11:36:43-07:00,Thursday,2026-04-02,11:36:43,Triton Esports Center,Active,27,Not Busy (27%),9,35,True,open
2026-04-02T12:35:38-07:00,Thursday,2026-04-02,12:35:38,Main Gym Fitness Gym,Busy,54,Busy (54%),39,72,True,open
2026-04-02T12:35:38-07:00,Thursday,2026-04-02,12:35:38,Outback Climbing Center,Very Active,99,Very Busy (99%),35,30,True,open
2026-04-02T12:35:38-07:00,Thursday,2026-04-02,12:35:38,RIMAC Fitness Gym,Busy,63,Busy (63%),94,150,True,open
2026-04-02T12:35:38-07:00,Thursday,2026-04-02,12:35:38,Triton Esports Center,Busy,65,Busy (65%),23,35,True,open
2026-04-02T13:18:12-07:00,Thursday,2026-04-02,13:18:12,Main Gym Fitness Gym,Active,40,Not Busy (40%),29,72,True,open
2026-04-02T13:18:12-07:00,Thursday,2026-04-02,13:18:12,Outback Climbing Center,Very Active,99,Very Busy (99%),55,30,True,open
2026-04-02T13:18:12-07:00,Thursday,2026-04-02,13:18:12,RIMAC Fitness Gym,Busy,67,Busy (67%),101,150,True,open
2026-04-02T13:18:12-07:00,Thursday,2026-04-02,13:18:12,Triton Esports Center,Busy,70,Busy (70%),24,35,True,open
2026-04-02T14:00:37-07:00,Thursday,2026-04-02,14:00:37,Main Gym Fitness Gym,Busy,59,Busy (59%),42,72,True,open
2026-04-02T14:00:37-07:00,Thursday,2026-04-02,14:00:37,Outback Climbing Center,Very Active,76,Busy (76%),23,30,True,open
2026-04-02T14:00:37-07:00,Thursday,2026-04-02,14:00:37,RIMAC Fitness Gym,Busy,59,Busy (59%),89,150,True,open
2026-04-02T14:00:37-07:00,Thursday,2026-04-02,14:00:37,Triton Esports Center,Busy,67,Busy (67%),23,35,True,open
2026-04-02T14:52:13-07:00,Thursday,2026-04-02,14:52:13,Main Gym Fitness Gym,Busy,50,Busy (50%),36,72,True,open
2026-04-02T14:52:13-07:00,Thursday,2026-04-02,14:52:13,Outback Climbing Center,Very Active,94,Very Busy (94%),28,30,True,open
2026-04-02T14:52:13-07:00,Thursday,2026-04-02,14:52:13,RIMAC Fitness Gym,Very Active,76,Busy (76%),113,150,True,open
2026-04-02T14:52:13-07:00,Thursday,2026-04-02,14:52:13,Triton Esports Center,Busy,58,Busy (58%),20,35,True,open
2026-04-02T15:26:27-07:00,Thursday,2026-04-02,15:26:27,Main Gym Fitness Gym,Busy,65,Busy (65%),47,72,True,open
2026-04-02T15:26:27-07:00,Thursday,2026-04-02,15:26:27,Outback Climbing Center,Very Active,99,Very Busy (99%),33,30,True,open
2026-04-02T15:26:27-07:00,Thursday,2026-04-02,15:26:27,RIMAC Fitness Gym,Busy,53,Busy (53%),79,150,True,open
2026-04-02T15:26:27-07:00,Thursday,2026-04-02,15:26:27,Triton Esports Center,Busy,70,Busy (70%),24,35,True,open
2026-04-02T15:58:42-07:00,Thursday,2026-04-02,15:58:42,Main Gym Fitness Gym,Active,26,Not Busy (26%),19,72,True,open
2026-04-02T15:58:42-07:00,Thursday,2026-04-02,15:58:42,Outback Climbing Center,Very Active,99,Very Busy (99%),56,30,True,open
2026-04-02T15:58:42-07:00,Thursday,2026-04-02,15:58:42,RIMAC Fitness Gym,Busy,59,Busy (59%),89,150,True,open
2026-04-02T15:58:42-07:00,Thursday,2026-04-02,15:58:42,Triton Esports Center,Busy,66,Busy (66%),23,35,True,open
2026-04-02T16:38:54-07:00,Thursday,2026-04-02,16:38:54,Main Gym Fitness Gym,Active,44,Not Busy (44%),32,72,True,open
2026-04-02T16:38:54-07:00,Thursday,2026-04-02,16:38:54,Outback Climbing Center,Very Active,99,Very Busy (99%),76,30,True,open
2026-04-02T16:38:54-07:00,Thursday,2026-04-02,16:38:54,RIMAC Fitness Gym,Busy,65,Busy (65%),97,150,True,open
2026-04-02T16:38:54-07:00,Thursday,2026-04-02,16:38:54,Triton Esports Center,Busy,71,Busy (71%),25,35,True,open
2026-04-02T17:03:39-07:00,Thursday,2026-04-02,17:03:39,Main Gym Fitness Gym,Busy,67,Busy (67%),49,72,True,open
2026-04-02T17:03:39-07:00,Thursday,2026-04-02,17:03:39,Outback Climbing Center,Very Active,99,Very Busy (99%),86,30,True,open
2026-04-02T17:03:39-07:00,Thursday,2026-04-02,17:03:39,RIMAC Fitness Gym,Busy,63,Busy (63%),95,150,True,open
2026-04-02T17:03:39-07:00,Thursday,2026-04-02,17:03:39,Triton Esports Center,Busy,67,Busy (67%),24,35,True,open
2026-04-02T20:27:04-07:00,Thursday,2026-04-02,20:27:04,Main Gym Fitness Gym,Active,29,Not Busy (29%),21,72,True,open
2026-04-02T20:27:04-07:00,Thursday,2026-04-02,20:27:04,Outback Climbing Center,Very Active,99,Very Busy (99%),58,30,True,open
2026-04-02T20:27:04-07:00,Thursday,2026-04-02,20:27:04,RIMAC Fitness Gym,Very Active,79,Busy (79%),119,150,True,open
2026-04-02T20:27:04-07:00,Thursday,2026-04-02,20:27:04,Triton Esports Center,Active,47,Busy (47%),16,35,True,open
2026-04-02T22:20:35-07:00,Thursday,2026-04-02,22:20:35,Main Gym Fitness Gym,Not Busy,19,Not Busy (19%),14,72,True,open
2026-04-02T22:20:35-07:00,Thursday,2026-04-02,22:20:35,Outback Climbing Center,Closed,6,Closed,2,30,False,Closed until 10:00am
2026-04-02T22:20:35-07:00,Thursday,2026-04-02,22:20:35,RIMAC Fitness Gym,Busy,64,Busy (64%),96,150,True,open
2026-04-02T22:20:35-07:00,Thursday,2026-04-02,22:20:35,Triton Esports Center,Closed,0,Closed,0,35,False,Closed until 7:30am
2026-04-02T23:43:38-07:00,Thursday,2026-04-02,23:43:38,Main Gym Fitness Gym,Closed,2,Closed,1,72,False,Closed until 6:00am
2026-04-02T23:43:38-07:00,Thursday,2026-04-02,23:43:38,Outback Climbing Center,Closed,2,Closed,1,30,False,Closed until 10:00am
2026-04-02T23:43:38-07:00,Thursday,2026-04-02,23:43:38,RIMAC Fitness Gym,Closed,0,Closed,0,150,False,Closed until 6:00am
2026-04-02T23:43:38-07:00,Thursday,2026-04-02,23:43:38,Triton Esports Center,Closed,0,Closed,0,35,False,Closed until 7:30am
2026-04-03T00:48:39-07:00,Friday,2026-04-03,00:48:39,Main Gym Fitness Gym,Closed,1,Closed,1,72,False,Closed until 6:00am
2026-04-03T00:48:39-07:00,Friday,2026-04-03,00:48:39,Outback Climbing Center,Closed,1,Closed,0,30,False,Closed until 10:00am
2026-04-03T00:48:39-07:00,Friday,2026-04-03,00:48:39,RIMAC Fitness Gym,Closed,0,Closed,0,150,False,Closed until 6:00am
2026-04-03T00:48:39-07:00,Friday,2026-04-03,00:48:39,Triton Esports Center,Closed,0,Closed,0,35,False,Closed until 7:30am
2026-04-03T01:45:00-07:00,Friday,2026-04-03,01:45:00,Main Gym Fitness Gym,Closed,1,Closed,1,72,False,Closed until 6:00am
2026-04-03T01:45:00-07:00,Friday,2026-04-03,01:45:00,Outback Climbing Center,Closed,1,Closed,0,30,False,Closed until 10:00am
2026-04-03T01:45:00-07:00,Friday,2026-04-03,01:45:00,RIMAC Fitness Gym,Closed,0,Closed,1,150,False,Closed until 6:00am
2026-04-03T01:45:00-07:00,Friday,2026-04-03,01:45:00,Triton Esports Center,Closed,0,Closed,0,35,False,Closed until 7:30am
2026-04-03T02:40:07-07:00,Friday,2026-04-03,02:40:07,Main Gym Fitness Gym,Closed,1,Closed,1,72,False,Closed until 6:00am
2026-04-03T02:40:07-07:00,Friday,2026-04-03,02:40:07,Outback Climbing Center,Closed,1,Closed,0,30,False,Closed until 10:00am
2026-04-03T02:40:07-07:00,Friday,2026-04-03,02:40:07,RIMAC Fitness Gym,Closed,0,Closed,0,150,False,Closed until 6:00am
2026-04-03T02:40:07-07:00,Friday,2026-04-03,02:40:07,Triton Esports Center,Closed,0,Closed,0,35,False,Closed until 7:30am
2026-04-03T03:26:49-07:00,Friday,2026-04-03,03:26:49,Main Gym Fitness Gym,Closed,1,Closed,1,72,False,Closed until 6:00am
2026-04-03T03:26:49-07:00,Friday,2026-04-03,03:26:49,Outback Climbing Center,Closed,1,Closed,0,30,False,Closed until 10:00am
2026-04-03T03:26:49-07:00,Friday,2026-04-03,03:26:49,RIMAC Fitness Gym,Closed,0,Closed,1,150,False,Closed until 6:00am
2026-04-03T03:26:49-07:00,Friday,2026-04-03,03:26:49,Triton Esports Center,Closed,0,Closed,0,35,False,Closed until 7:30am
2026-04-03T04:10:09-07:00,Friday,2026-04-03,04:10:09,Main Gym Fitness Gym,Closed,1,Closed,1,72,False,Closed until 6:00am
2026-04-03T04:10:09-07:00,Friday,2026-04-03,04:10:09,Outback Climbing Center,Closed,2,Closed,1,30,False,Closed until 10:00am
2026-04-03T04:10:09-07:00,Friday,2026-04-03,04:10:09,RIMAC Fitness Gym,Closed,0,Closed,0,150,False,Closed until 6:00am
2026-04-03T04:10:09-07:00,Friday,2026-04-03,04:10:09,Triton Esports Center,Closed,0,Closed,0,35,False,Closed until 7:30am
2026-04-03T04:52:14-07:00,Friday,2026-04-03,04:52:14,Main Gym Fitness Gym,Closed,1,Closed,1,72,False,Closed until 6:00am
2026-04-03T04:52:14-07:00,Friday,2026-04-03,04:52:14,Outback Climbing Center,Closed,2,Closed,1,30,False,Closed until 10:00am
2026-04-03T04:52:14-07:00,Friday,2026-04-03,04:52:14,RIMAC Fitness Gym,Closed,0,Closed,0,150,False,Closed until 6:00am
2026-04-03T04:52:14-07:00,Friday,2026-04-03,04:52:14,Triton Esports Center,Closed,0,Closed,0,35,False,Closed until 7:30am
2026-04-03T05:52:22-07:00,Friday,2026-04-03,05:52:22,Main Gym Fitness Gym,Closed,1,Closed,1,72,False,Closed until 6:00am
2026-04-03T05:52:22-07:00,Friday,2026-04-03,05:52:22,Outback Climbing Center,Closed,20,Closed,6,30,False,Closed until 10:00am
2026-04-03T05:52:22-07:00,Friday,2026-04-03,05:52:22,RIMAC Fitness Gym,Closed,0,Closed,1,150,False,Closed until 6:00am
2026-04-03T05:52:22-07:00,Friday,2026-04-03,05:52:22,Triton Esports Center,Closed,0,Closed,0,35,False,Closed until 7:30am
2026-04-03T06:59:53-07:00,Friday,2026-04-03,06:59:53,Main Gym Fitness Gym,Active,27,Not Busy (27%),19,72,True,open
2026-04-03T06:59:53-07:00,Friday,2026-04-03,06:59:53,Outback Climbing Center,Closed,5,Closed,1,30,False,Closed until 10:00am
2026-04-03T06:59:53-07:00,Friday,2026-04-03,06:59:53,RIMAC Fitness Gym,Active,26,Not Busy (26%),39,150,True,open
2026-04-03T06:59:53-07:00,Friday,2026-04-03,06:59:53,Triton Esports Center,Closed,0,Closed,0,35,False,Closed until 7:30am
2026-04-03T07:52:56-07:00,Friday,2026-04-03,07:52:56,Main Gym Fitness Gym,Not Busy,7,Not Busy (7%),5,72,True,open
2026-04-03T07:52:56-07:00,Friday,2026-04-03,07:52:56,Outback Climbing Center,Closed,7,Closed,2,30,False,Closed until 10:00am
2026-04-03T07:52:56-07:00,Friday,2026-04-03,07:52:56,RIMAC Fitness Gym,Active,35,Not Busy (35%),53,150,True,open
2026-04-03T07:52:56-07:00,Friday,2026-04-03,07:52:56,Triton Esports Center,Not Busy,0,Not Busy (0%),0,35,True,open
2026-04-03T08:35:21-07:00,Friday,2026-04-03,08:35:21,Main Gym Fitness Gym,Not Busy,7,Not Busy (7%),5,72,True,open
2026-04-03T08:35:21-07:00,Friday,2026-04-03,08:35:21,Outback Climbing Center,Closed,20,Closed,6,30,False,Closed until 10:00am
2026-04-03T08:35:21-07:00,Friday,2026-04-03,08:35:21,RIMAC Fitness Gym,Active,49,Busy (49%),74,150,True,open
2026-04-03T08:35:21-07:00,Friday,2026-04-03,08:35:21,Triton Esports Center,Not Busy,0,Not Busy (0%),0,35,True,open
2026-04-03T09:06:47-07:00,Friday,2026-04-03,09:06:47,Main Gym Fitness Gym,Active,27,Not Busy (27%),20,72,True,open
2026-04-03T09:06:47-07:00,Friday,2026-04-03,09:06:47,Outback Climbing Center,Closed,9,Closed,3,30,False,Closed until 10:00am
2026-04-03T09:06:47-07:00,Friday,2026-04-03,09:06:47,RIMAC Fitness Gym,Busy,52,Busy (52%),77,150,True,open
2026-04-03T09:06:47-07:00,Friday,2026-04-03,09:06:47,Triton Esports Center,Not Busy,3,Not Busy (3%),1,35,True,open
2026-04-03T09:56:47-07:00,Friday,2026-04-03,09:56:47,Main Gym Fitness Gym,Active,34,Not Busy (34%),25,72,True,open
2026-04-03T09:56:47-07:00,Friday,2026-04-03,09:56:47,Outback Climbing Center,Closed,9,Closed,3,30,False,Closed until 10:00am
2026-04-03T09:56:47-07:00,Friday,2026-04-03,09:56:47,RIMAC Fitness Gym,Busy,52,Busy (52%),78,150,True,open
2026-04-03T09:56:47-07:00,Friday,2026-04-03,09:56:47,Triton Esports Center,Not Busy,1,Not Busy (1%),0,35,True,open
2026-04-03T10:33:46-07:00,Friday,2026-04-03,10:33:46,Main Gym Fitness Gym,Active,28,Not Busy (28%),20,72,True,open
2026-04-03T10:33:46-07:00,Friday,2026-04-03,10:33:46,Outback Climbing Center,Very Active,99,Very Busy (99%),48,30,True,open
2026-04-03T10:33:46-07:00,Friday,2026-04-03,10:33:46,RIMAC Fitness Gym,Busy,59,Busy (59%),88,150,True,open
2026-04-03T10:33:46-07:00,Friday,2026-04-03,10:33:46,Triton Esports Center,Active,27,Not Busy (27%),10,35,True,open
2026-04-03T11:06:38-07:00,Friday,2026-04-03,11:06:38,Main Gym Fitness Gym,Not Busy,22,Not Busy (22%),16,72,True,open
2026-04-03T11:06:38-07:00,Friday,2026-04-03,11:06:38,Outback Climbing Center,Very Active,99,Very Busy (99%),55,30,True,open
2026-04-03T11:06:38-07:00,Friday,2026-04-03,11:06:38,RIMAC Fitness Gym,Not Busy,0,Data Unavailable (0%),0,150,True,open
2026-04-03T11:06:38-07:00,Friday,2026-04-03,11:06:38,Triton Esports Center,Active,37,Not Busy (37%),13,35,True,open
2026-04-03T12:04:41-07:00,Friday,2026-04-03,12:04:41,Main Gym Fitness Gym,Active,25,Not Busy (25%),18,72,True,open
2026-04-03T12:04:41-07:00,Friday,2026-04-03,12:04:41,Outback Climbing Center,Very Active,99,Very Busy (99%),33,30,True,open
2026-04-03T12:04:41-07:00,Friday,2026-04-03,12:04:41,RIMAC Fitness Gym,Busy,61,Busy (61%),91,150,True,open
2026-04-03T12:04:41-07:00,Friday,2026-04-03,12:04:41,Triton Esports Center,Active,44,Not Busy (44%),15,35,True,open
2026-04-03T12:52:34-07:00,Friday,2026-04-03,12:52:34,Main Gym Fitness Gym,Active,32,Not Busy (32%),23,72,True,open
2026-04-03T12:52:34-07:00,Friday,2026-04-03,12:52:34,Outback Climbing Center,Very Active,99,Very Busy (99%),31,30,True,open
2026-04-03T12:52:34-07:00,Friday,2026-04-03,12:52:34,RIMAC Fitness Gym,Busy,55,Busy (55%),82,150,True,open
2026-04-03T12:52:34-07:00,Friday,2026-04-03,12:52:34,Triton Esports Center,Busy,53,Busy (53%),19,35,True,open
2026-04-03T13:30:05-07:00,Friday,2026-04-03,13:30:05,Main Gym Fitness Gym,Not Busy,18,Not Busy (18%),13,72,True,open
2026-04-03T13:30:05-07:00,Friday,2026-04-03,13:30:05,Outback Climbing Center,Very Active,99,Very Busy (99%),38,30,True,open
2026-04-03T13:30:05-07:00,Friday,2026-04-03,13:30:05,RIMAC Fitness Gym,Busy,67,Busy (67%),101,150,True,open
2026-04-03T13:30:05-07:00,Friday,2026-04-03,13:30:05,Triton Esports Center,Busy,65,Busy (65%),23,35,True,open
2026-04-03T14:03:37-07:00,Friday,2026-04-03,14:03:37,Main Gym Fitness Gym,Active,34,Not Busy (34%),24,72,True,open
2026-04-03T14:03:37-07:00,Friday,2026-04-03,14:03:37,Outback Climbing Center,Very Active,99,Very Busy (99%),59,30,True,open
2026-04-03T14:03:37-07:00,Friday,2026-04-03,14:03:37,RIMAC Fitness Gym,Busy,67,Busy (67%),101,150,True,open
2026-04-03T14:03:37-07:00,Friday,2026-04-03,14:03:37,Triton Esports Center,Busy,52,Busy (52%),18,35,True,open
2026-04-03T14:49:37-07:00,Friday,2026-04-03,14:49:37,Main Gym Fitness Gym,Active,43,Not Busy (43%),31,72,True,open
2026-04-03T14:49:37-07:00,Friday,2026-04-03,14:49:37,Outback Climbing Center,Very Active,99,Very Busy (99%),50,30,True,open
2026-04-03T14:49:37-07:00,Friday,2026-04-03,14:49:37,RIMAC Fitness Gym,Busy,73,Busy (73%),109,150,True,open
2026-04-03T14:49:37-07:00,Friday,2026-04-03,14:49:37,Triton Esports Center,Busy,71,Busy (71%),25,35,True,open
2026-04-03T15:27:27-07:00,Friday,2026-04-03,15:27:27,Main Gym Fitness Gym,Not Busy,21,Not Busy (21%),15,72,True,open
2026-04-03T15:27:27-07:00,Friday,2026-04-03,15:27:27,Outback Climbing Center,Very Active,99,Very Busy (99%),67,30,True,open
2026-04-03T15:27:27-07:00,Friday,2026-04-03,15:27:27,RIMAC Fitness Gym,Busy,67,Busy (67%),101,150,True,open
2026-04-03T15:27:27-07:00,Friday,2026-04-03,15:27:27,Triton Esports Center,Busy,54,Busy (54%),19,35,True,open
2026-04-03T16:01:27-07:00,Friday,2026-04-03,16:01:27,Main Gym Fitness Gym,Active,37,Not Busy (37%),27,72,True,open
2026-04-03T16:01:27-07:00,Friday,2026-04-03,16:01:27,Outback Climbing Center,Very Active,99,Very Busy (99%),54,30,True,open
2026-04-03T16:01:27-07:00,Friday,2026-04-03,16:01:27,RIMAC Fitness Gym,Busy,56,Busy (56%),83,150,True,open
2026-04-03T16:01:27-07:00,Friday,2026-04-03,16:01:27,Triton Esports Center,Active,25,Not Busy (25%),9,35,True,open
2026-04-03T16:48:00-07:00,Friday,2026-04-03,16:48:00,Main Gym Fitness Gym,Not Busy,20,Not Busy (20%),15,72,True,open
2026-04-03T16:48:00-07:00,Friday,2026-04-03,16:48:00,Outback Climbing Center,Very Active,99,Very Busy (99%),50,30,True,open
2026-04-03T16:48:00-07:00,Friday,2026-04-03,16:48:00,RIMAC Fitness Gym,Very Active,81,Very Busy (81%),122,150,True,open
2026-04-03T16:48:00-07:00,Friday,2026-04-03,16:48:00,Triton Esports Center,Not Busy,0,Not Busy (0%),0,35,True,open
2026-04-03T18:45:07-07:00,Friday,2026-04-03,18:45:07,Main Gym Fitness Gym,Not Busy,19,Not Busy (19%),14,72,True,open
2026-04-03T18:45:07-07:00,Friday,2026-04-03,18:45:07,Outback Climbing Center,Very Active,99,Very Busy (99%),39,30,True,open
2026-04-03T18:45:07-07:00,Friday,2026-04-03,18:45:07,RIMAC Fitness Gym,Busy,64,Busy (64%),96,150,True,open
2026-04-03T18:45:07-07:00,Friday,2026-04-03,18:45:07,Triton Esports Center,Not Busy,0,Not Busy (0%),0,35,True,open
2026-04-03T21:03:08-07:00,Friday,2026-04-03,21:03:08,Main Gym Fitness Gym,Not Busy,17,Not Busy (17%),13,72,True,open
2026-04-03T21:03:08-07:00,Friday,2026-04-03,21:03:08,Outback Climbing Center,Very Active,99,Very Busy (99%),50,30,True,open
2026-04-03T21:03:08-07:00,Friday,2026-04-03,21:03:08,RIMAC Fitness Gym,Busy,54,Busy (54%),81,150,True,open
2026-04-03T21:03:08-07:00,Friday,2026-04-03,21:03:08,Triton Esports Center,Not Busy,0,Not Busy (0%),0,35,True,open
2026-04-03T22:35:22-07:00,Friday,2026-04-03,22:35:22,Main Gym Fitness Gym,Active,34,Not Busy (34%),24,72,True,open
2026-04-03T22:35:22-07:00,Friday,2026-04-03,22:35:22,Outback Climbing Center,Closed,1,Closed,0,30,False,Closed until 11:00am
2026-04-03T22:35:22-07:00,Friday,2026-04-03,22:35:22,RIMAC Fitness Gym,Not Busy,24,Not Busy (24%),36,150,True,open
2026-04-03T22:35:22-07:00,Friday,2026-04-03,22:35:22,Triton Esports Center,Closed,0,Closed,0,35,False,Closed until 11:00am
2026-04-03T23:39:52-07:00,Friday,2026-04-03,23:39:52,Main Gym Fitness Gym,Closed,1,Closed,1,72,False,Closed until 8:00am
2026-04-03T23:39:52-07:00,Friday,2026-04-03,23:39:52,Outback Climbing Center,Closed,2,Closed,0,30,False,Closed until 11:00am
2026-04-03T23:39:52-07:00,Friday,2026-04-03,23:39:52,RIMAC Fitness Gym,Closed,0,Closed,0,150,False,Closed until 8:00am
2026-04-03T23:39:52-07:00,Friday,2026-04-03,23:39:52,Triton Esports Center,Closed,0,Closed,0,35,False,Closed until 11:00am
2026-04-04T00:36:32-07:00,Saturday,2026-04-04,00:36:32,Main Gym Fitness Gym,Closed,1,Closed,1,72,False,Closed until 8:00am
2026-04-04T00:36:32-07:00,Saturday,2026-04-04,00:36:32,Outback Climbing Center,Closed,2,Closed,1,30,False,Closed until 11:00am
2026-04-04T00:36:32-07:00,Saturday,2026-04-04,00:36:32,RIMAC Fitness Gym,Closed,0,Closed,0,150,False,Closed until 8:00am
2026-04-04T00:36:32-07:00,Saturday,2026-04-04,00:36:32,Triton Esports Center,Closed,0,Closed,0,35,False,Closed until 11:00am
2026-04-04T01:07:00-07:00,Saturday,2026-04-04,01:07:00,Main Gym Fitness Gym,Closed,1,Closed,1,72,False,Closed until 8:00am
2026-04-04T01:07:00-07:00,Saturday,2026-04-04,01:07:00,Outback Climbing Center,Closed,1,Closed,0,30,False,Closed until 11:00am
2026-04-04T01:07:00-07:00,Saturday,2026-04-04,01:07:00,RIMAC Fitness Gym,Closed,0,Closed,0,150,False,Closed until 8:00am
2026-04-04T01:07:00-07:00,Saturday,2026-04-04,01:07:00,Triton Esports Center,Closed,0,Closed,0,35,False,Closed until 11:00am
2026-04-04T01:58:30-07:00,Saturday,2026-04-04,01:58:30,Main Gym Fitness Gym,Closed,1,Closed,1,72,False,Closed until 8:00am
2026-04-04T01:58:30-07:00,Saturday,2026-04-04,01:58:30,Outback Climbing Center,Closed,3,Closed,1,30,False,Closed until 11:00am
2026-04-04T01:58:30-07:00,Saturday,2026-04-04,01:58:30,RIMAC Fitness Gym,Closed,0,Closed,1,150,False,Closed until 8:00am
2026-04-04T01:58:30-07:00,Saturday,2026-04-04,01:58:30,Triton Esports Center,Closed,0,Closed,0,35,False,Closed until 11:00am
2026-04-04T02:42:06-07:00,Saturday,2026-04-04,02:42:06,Main Gym Fitness Gym,Closed,1,Closed,1,72,False,Closed until 8:00am
2026-04-04T02:42:06-07:00,Saturday,2026-04-04,02:42:06,Outback Climbing Center,Closed,2,Closed,1,30,False,Closed until 11:00am
2026-04-04T02:42:06-07:00,Saturday,2026-04-04,02:42:06,RIMAC Fitness Gym,Closed,0,Closed,0,150,False,Closed until 8:00am
2026-04-04T02:42:06-07:00,Saturday,2026-04-04,02:42:06,Triton Esports Center,Closed,0,Closed,0,35,False,Closed until 11:00am
2026-04-04T03:06:03-07:00,Saturday,2026-04-04,03:06:03,Main Gym Fitness Gym,Closed,1,Closed,0,72,False,Closed until 8:00am
2026-04-04T03:06:03-07:00,Saturday,2026-04-04,03:06:03,Outback Climbing Center,Closed,2,Closed,1,30,False,Closed until 11:00am
2026-04-04T03:06:03-07:00,Saturday,2026-04-04,03:06:03,RIMAC Fitness Gym,Closed,0,Closed,0,150,False,Closed until 8:00am
2026-04-04T03:06:03-07:00,Saturday,2026-04-04,03:06:03,Triton Esports Center,Closed,0,Closed,0,35,False,Closed until 11:00am
2026-04-04T03:52:32-07:00,Saturday,2026-04-04,03:52:32,Main Gym Fitness Gym,Closed,1,Closed,1,72,False,Closed until 8:00am
2026-04-04T03:52:32-07:00,Saturday,2026-04-04,03:52:32,Outback Climbing Center,Closed,1,Closed,0,30,False,Closed until 11:00am
2026-04-04T03:52:32-07:00,Saturday,2026-04-04,03:52:32,RIMAC Fitness Gym,Closed,0,Closed,0,150,False,Closed until 8:00am
2026-04-04T03:52:32-07:00,Saturday,2026-04-04,03:52:32,Triton Esports Center,Closed,0,Closed,0,35,False,Closed until 11:00am
2026-04-04T04:24:39-07:00,Saturday,2026-04-04,04:24:39,Main Gym Fitness Gym,Closed,2,Closed,1,72,False,Closed until 8:00am
2026-04-04T04:24:39-07:00,Saturday,2026-04-04,04:24:39,Outback Climbing Center,Closed,3,Closed,1,30,False,Closed until 11:00am
2026-04-04T04:24:39-07:00,Saturday,2026-04-04,04:24:39,RIMAC Fitness Gym,Closed,0,Closed,0,150,False,Closed until 8:00am
2026-04-04T04:24:39-07:00,Saturday,2026-04-04,04:24:39,Triton Esports Center,Closed,0,Closed,0,35,False,Closed until 11:00am
2026-04-04T04:51:00-07:00,Saturday,2026-04-04,04:51:00,Main Gym Fitness Gym,Closed,1,Closed,1,72,False,Closed until 8:00am
2026-04-04T04:51:00-07:00,Saturday,2026-04-04,04:51:00,Outback Climbing Center,Closed,4,Closed,1,30,False,Closed until 11:00am
2026-04-04T04:51:00-07:00,Saturday,2026-04-04,04:51:00,RIMAC Fitness Gym,Closed,0,Closed,0,150,False,Closed until 8:00am
2026-04-04T04:51:00-07:00,Saturday,2026-04-04,04:51:00,Triton Esports Center,Closed,0,Closed,0,35,False,Closed until 11:00am
2026-04-04T05:41:28-07:00,Saturday,2026-04-04,05:41:28,Main Gym Fitness Gym,Closed,2,Closed,1,72,False,Closed until 8:00am
2026-04-04T05:41:28-07:00,Saturday,2026-04-04,05:41:28,Outback Climbing Center,Closed,1,Closed,0,30,False,Closed until 11:00am
2026-04-04T05:41:28-07:00,Saturday,2026-04-04,05:41:28,RIMAC Fitness Gym,Closed,0,Closed,0,150,False,Closed until 8:00am
2026-04-04T05:41:28-07:00,Saturday,2026-04-04,05:41:28,Triton Esports Center,Closed,0,Closed,0,35,False,Closed until 11:00am
2026-04-04T06:39:52-07:00,Saturday,2026-04-04,06:39:52,Main Gym Fitness Gym,Closed,1,Closed,1,72,False,Closed until 8:00am
2026-04-04T06:39:52-07:00,Saturday,2026-04-04,06:39:52,Outback Climbing Center,Closed,5,Closed,2,30,False,Closed until 11:00am
2026-04-04T06:39:52-07:00,Saturday,2026-04-04,06:39:52,RIMAC Fitness Gym,Closed,0,Closed,0,150,False,Closed until 8:00am
2026-04-04T06:39:52-07:00,Saturday,2026-04-04,06:39:52,Triton Esports Center,Closed,0,Closed,0,35,False,Closed until 11:00am
2026-04-04T07:19:56-07:00,Saturday,2026-04-04,07:19:56,Main Gym Fitness Gym,Closed,1,Closed,1,72,False,Closed until 8:00am
2026-04-04T07:19:56-07:00,Saturday,2026-04-04,07:19:56,Outback Climbing Center,Closed,6,Closed,2,30,False,Closed until 11:00am
2026-04-04T07:19:56-07:00,Saturday,2026-04-04,07:19:56,RIMAC Fitness Gym,Closed,0,Closed,0,150,False,Closed until 8:00am
2026-04-04T07:19:56-07:00,Saturday,2026-04-04,07:19:56,Triton Esports Center,Closed,0,Closed,0,35,False,Closed until 11:00am
2026-04-04T07:58:43-07:00,Saturday,2026-04-04,07:58:43,Main Gym Fitness Gym,Closed,1,Closed,1,72,False,Closed until 8:00am
2026-04-04T07:58:43-07:00,Saturday,2026-04-04,07:58:43,Outback Climbing Center,Closed,4,Closed,1,30,False,Closed until 11:00am
2026-04-04T07:58:43-07:00,Saturday,2026-04-04,07:58:43,RIMAC Fitness Gym,Closed,1,Closed,1,150,False,Closed until 8:00am
2026-04-04T07:58:43-07:00,Saturday,2026-04-04,07:58:43,Triton Esports Center,Closed,0,Closed,0,35,False,Closed until 11:00am
2026-04-04T08:36:34-07:00,Saturday,2026-04-04,08:36:34,Main Gym Fitness Gym,Not Busy,22,Not Busy (22%),16,72,True,open
2026-04-04T08:36:34-07:00,Saturday,2026-04-04,08:36:34,Outback Climbing Center,Closed,3,Closed,1,30,False,Closed until 11:00am
2026-04-04T08:36:34-07:00,Saturday,2026-04-04,08:36:34,RIMAC Fitness Gym,Active,30,Not Busy (30%),45,150,True,open
2026-04-04T08:36:34-07:00,Saturday,2026-04-04,08:36:34,Triton Esports Center,Closed,0,Closed,0,35,False,Closed until 11:00am
2026-04-04T09:01:09-07:00,Saturday,2026-04-04,09:01:09,Main Gym Fitness Gym,Not Busy,20,Not Busy (20%),14,72,True,open
2026-04-04T09:01:09-07:00,Saturday,2026-04-04,09:01:09,Outback Climbing Center,Closed,7,Closed,2,30,False,Closed until 11:00am
2026-04-04T09:01:09-07:00,Saturday,2026-04-04,09:01:09,RIMAC Fitness Gym,Active,33,Not Busy (33%),50,150,True,open
2026-04-04T09:01:09-07:00,Saturday,2026-04-04,09:01:09,Triton Esports Center,Closed,0,Closed,0,35,False,Closed until 11:00am
2026-04-04T09:51:56-07:00,Saturday,2026-04-04,09:51:56,Main Gym Fitness Gym,Active,26,Not Busy (26%),19,72,True,open
2026-04-04T09:51:56-07:00,Saturday,2026-04-04,09:51:56,Outback Climbing Center,Closed,2,Closed,1,30,False,Closed until 11:00am
2026-04-04T09:51:56-07:00,Saturday,2026-04-04,09:51:56,RIMAC Fitness Gym,Active,35,Not Busy (35%),52,150,True,open
2026-04-04T09:51:56-07:00,Saturday,2026-04-04,09:51:56,Triton Esports Center,Closed,0,Closed,0,35,False,Closed until 11:00am
2026-04-04T10:24:51-07:00,Saturday,2026-04-04,10:24:51,Main Gym Fitness Gym,Not Busy,21,Not Busy (21%),15,72,True,open
2026-04-04T10:24:51-07:00,Saturday,2026-04-04,10:24:51,Outback Climbing Center,Closed,2,Closed,1,30,False,Closed until 11:00am
2026-04-04T10:24:51-07:00,Saturday,2026-04-04,10:24:51,RIMAC Fitness Gym,Active,36,Not Busy (36%),53,150,True,open
2026-04-04T10:24:51-07:00,Saturday,2026-04-04,10:24:51,Triton Esports Center,Closed,0,Closed,0,35,False,Closed until 11:00am
2026-04-04T10:54:52-07:00,Saturday,2026-04-04,10:54:52,Main Gym Fitness Gym,Not Busy,10,Not Busy (10%),8,72,True,open
2026-04-04T10:54:52-07:00,Saturday,2026-04-04,10:54:52,Outback Climbing Center,Closed,5,Closed,1,30,False,Closed until 11:00am
2026-04-04T10:54:52-07:00,Saturday,2026-04-04,10:54:52,RIMAC Fitness Gym,Active,33,Not Busy (33%),50,150,True,open
2026-04-04T10:54:52-07:00,Saturday,2026-04-04,10:54:52,Triton Esports Center,Closed,0,Closed,0,35,False,Closed until 11:00am
2026-04-04T11:34:02-07:00,Saturday,2026-04-04,11:34:02,Main Gym Fitness Gym,Active,44,Not Busy (44%),32,72,True,open
2026-04-04T11:34:02-07:00,Saturday,2026-04-04,11:34:02,Outback Climbing Center,Very Active,98,Very Busy (98%),29,30,True,open
2026-04-04T11:34:02-07:00,Saturday,2026-04-04,11:34:02,RIMAC Fitness Gym,Active,40,Not Busy (40%),60,150,True,open
2026-04-04T11:34:02-07:00,Saturday,2026-04-04,11:34:02,Triton Esports Center,Not Busy,0,Not Busy (0%),0,35,True,open
2026-04-04T12:19:09-07:00,Saturday,2026-04-04,12:19:09,Main Gym Fitness Gym,Not Busy,17,Not Busy (17%),12,72,True,open
2026-04-04T12:19:09-07:00,Saturday,2026-04-04,12:19:09,Outback Climbing Center,Very Active,99,Very Busy (99%),42,30,True,open
2026-04-04T12:19:09-07:00,Saturday,2026-04-04,12:19:09,RIMAC Fitness Gym,Busy,63,Busy (63%),94,150,True,open
2026-04-04T12:19:09-07:00,Saturday,2026-04-04,12:19:09,Triton Esports Center,Not Busy,1,Not Busy (1%),0,35,True,open
2026-04-04T12:52:19-07:00,Saturday,2026-04-04,12:52:19,Main Gym Fitness Gym,Not Busy,19,Not Busy (19%),14,72,True,open
2026-04-04T12:52:19-07:00,Saturday,2026-04-04,12:52:19,Outback Climbing Center,Very Active,99,Very Busy (99%),56,30,True,open
2026-04-04T12:52:19-07:00,Saturday,2026-04-04,12:52:19,RIMAC Fitness Gym,Active,48,Busy (48%),73,150,True,open
2026-04-04T12:52:19-07:00,Saturday,2026-04-04,12:52:19,Triton Esports Center,Not Busy,1,Not Busy (1%),0,35,True,open
2026-04-04T13:23:32-07:00,Saturday,2026-04-04,13:23:32,Main Gym Fitness Gym,Active,27,Not Busy (27%),19,72,True,open
2026-04-04T13:23:32-07:00,Saturday,2026-04-04,13:23:32,Outback Climbing Center,Very Active,99,Very Busy (99%),36,30,True,open
2026-04-04T13:23:32-07:00,Saturday,2026-04-04,13:23:32,RIMAC Fitness Gym,Active,49,Busy (49%),73,150,True,open
2026-04-04T13:23:32-07:00,Saturday,2026-04-04,13:23:32,Triton Esports Center,Not Busy,17,Not Busy (17%),6,35,True,open
2026-04-04T13:55:31-07:00,Saturday,2026-04-04,13:55:31,Main Gym Fitness Gym,Not Busy,22,Not Busy (22%),15,72,True,open
2026-04-04T13:55:31-07:00,Saturday,2026-04-04,13:55:31,Outback Climbing Center,Very Active,99,Very Busy (99%),40,30,True,open
2026-04-04T13:55:31-07:00,Saturday,2026-04-04,13:55:31,RIMAC Fitness Gym,Active,40,Not Busy (40%),60,150,True,open
2026-04-04T13:55:31-07:00,Saturday,2026-04-04,13:55:31,Triton Esports Center,Active,26,Not Busy (26%),9,35,True,open
2026-04-04T14:26:30-07:00,Saturday,2026-04-04,14:26:30,Main Gym Fitness Gym,Not Busy,18,Not Busy (18%),13,72,True,open
2026-04-04T14:26:30-07:00,Saturday,2026-04-04,14:26:30,Outback Climbing Center,Very Active,99,Very Busy (99%),32,30,True,open
2026-04-04T14:26:30-07:00,Saturday,2026-04-04,14:26:30,RIMAC Fitness Gym,Active,39,Not Busy (39%),58,150,True,open
2026-04-04T14:26:30-07:00,Saturday,2026-04-04,14:26:30,Triton Esports Center,Active,28,Not Busy (28%),10,35,True,open
2026-04-04T14:27:32-07:00,Saturday,2026-04-04,14:27:32,Main Gym Fitness Gym,Not Busy,22,Not Busy (22%),16,72,True,open
2026-04-04T14:27:32-07:00,Saturday,2026-04-04,14:27:32,Outback Climbing Center,Very Active,99,Very Busy (99%),33,30,True,open
2026-04-04T14:27:32-07:00,Saturday,2026-04-04,14:27:32,RIMAC Fitness Gym,Active,38,Not Busy (38%),58,150,True,open
2026-04-04T14:27:32-07:00,Saturday,2026-04-04,14:27:32,Triton Esports Center,Active,26,Not Busy (26%),9,35,True,open
2026-04-04T14:38:54-07:00,Saturday,2026-04-04,14:38:54,Main Gym Fitness Gym,Not Busy,16,Not Busy (16%),11,72,True,open
2026-04-04T14:38:54-07:00,Saturday,2026-04-04,14:38:54,Outback Climbing Center,Very Active,99,Very Busy (99%),45,30,True,open
2026-04-04T14:38:54-07:00,Saturday,2026-04-04,14:38:54,RIMAC Fitness Gym,Active,38,Not Busy (38%),57,150,True,open
2026-04-04T14:38:54-07:00,Saturday,2026-04-04,14:38:54,Triton Esports Center,Not Busy,24,Not Busy (24%),8,35,True,open
2026-04-04T14:55:10-07:00,Saturday,2026-04-04,14:55:10,Main Gym Fitness Gym,Not Busy,18,Not Busy (18%),13,72,True,open
2026-04-04T14:55:10-07:00,Saturday,2026-04-04,14:55:10,Outback Climbing Center,Very Active,99,Very Busy (99%),51,30,True,open
2026-04-04T14:55:10-07:00,Saturday,2026-04-04,14:55:10,RIMAC Fitness Gym,Active,43,Not Busy (43%),64,150,True,open
2026-04-04T14:55:10-07:00,Saturday,2026-04-04,14:55:10,Triton Esports Center,Active,26,Not Busy (26%),9,35,True,open
2026-04-04T15:23:22-07:00,Saturday,2026-04-04,15:23:22,Main Gym Fitness Gym,Not Busy,20,Not Busy (20%),14,72,True,open
2026-04-04T15:23:22-07:00,Saturday,2026-04-04,15:23:22,Outback Climbing Center,Very Active,99,Very Busy (99%),41,30,True,open
2026-04-04T15:23:22-07:00,Saturday,2026-04-04,15:23:22,RIMAC Fitness Gym,Active,41,Not Busy (41%),61,150,True,open
2026-04-04T15:23:22-07:00,Saturday,2026-04-04,15:23:22,Triton Esports Center,Not Busy,24,Not Busy (24%),8,35,True,open
2026-04-04T15:55:31-07:00,Saturday,2026-04-04,15:55:31,Main Gym Fitness Gym,Not Busy,15,Not Busy (15%),11,72,True,open
2026-04-04T15:55:31-07:00,Saturday,2026-04-04,15:55:31,Outback Climbing Center,Very Active,99,Very Busy (99%),42,30,True,open
2026-04-04T15:55:31-07:00,Saturday,2026-04-04,15:55:31,RIMAC Fitness Gym,Active,41,Not Busy (41%),62,150,True,open
2026-04-04T15:55:31-07:00,Saturday,2026-04-04,15:55:31,Triton Esports Center,Active,27,Not Busy (27%),9,35,True,open
2026-04-04T16:26:28-07:00,Saturday,2026-04-04,16:26:28,Main Gym Fitness Gym,Not Busy,3,Not Busy (3%),2,72,True,open
2026-04-04T16:26:28-07:00,Saturday,2026-04-04,16:26:28,Outback Climbing Center,Closed,10,Closed,3,30,False,Closed until 4:00pm
2026-04-04T16:26:28-07:00,Saturday,2026-04-04,16:26:28,RIMAC Fitness Gym,Active,37,Not Busy (37%),55,150,True,open
2026-04-04T16:26:28-07:00,Saturday,2026-04-04,16:26:28,Triton Esports Center,Active,27,Not Busy (27%),10,35,True,open
2026-04-04T16:54:49-07:00,Saturday,2026-04-04,16:54:49,Main Gym Fitness Gym,Not Busy,3,Not Busy (3%),2,72,True,open
2026-04-04T16:54:49-07:00,Saturday,2026-04-04,16:54:49,Outback Climbing Center,Closed,1,Closed,0,30,False,Closed until 4:00pm
2026-04-04T16:54:49-07:00,Saturday,2026-04-04,16:54:49,RIMAC Fitness Gym,Active,45,Not Busy (45%),68,150,True,open
2026-04-04T16:54:49-07:00,Saturday,2026-04-04,16:54:49,Triton Esports Center,Active,30,Not Busy (30%),11,35,True,open
2026-04-04T17:28:03-07:00,Saturday,2026-04-04,17:28:03,Main Gym Fitness Gym,Not Busy,21,Not Busy (21%),15,72,True,open
2026-04-04T17:28:03-07:00,Saturday,2026-04-04,17:28:03,Outback Climbing Center,Closed,2,Closed,0,30,False,Closed until 4:00pm
2026-04-04T17:28:03-07:00,Saturday,2026-04-04,17:28:03,RIMAC Fitness Gym,Active,40,Not Busy (40%),60,150,True,open
2026-04-04T17:28:03-07:00,Saturday,2026-04-04,17:28:03,Triton Esports Center,Active,27,Not Busy (27%),10,35,True,open
2026-04-04T18:10:29-07:00,Saturday,2026-04-04,18:10:29,Main Gym Fitness Gym,Not Busy,13,Not Busy (13%),9,72,True,open
2026-04-04T18:10:29-07:00,Saturday,2026-04-04,18:10:29,Outback Climbing Center,Closed,5,Closed,1,30,False,Closed until 4:00pm
2026-04-04T18:10:29-07:00,Saturday,2026-04-04,18:10:29,RIMAC Fitness Gym,Active,43,Not Busy (43%),65,150,True,open
2026-04-04T18:10:29-07:00,Saturday,2026-04-04,18:10:29,Triton Esports Center,Active,32,Not Busy (32%),11,35,True,open
2026-04-04T18:11:51-07:00,Saturday,2026-04-04,18:11:51,Main Gym Fitness Gym,Not Busy,11,Not Busy (11%),8,72,True,open
2026-04-04T18:11:51-07:00,Saturday,2026-04-04,18:11:51,Outback Climbing Center,Closed,4,Closed,1,30,False,Closed until 4:00pm
2026-04-04T18:11:51-07:00,Saturday,2026-04-04,18:11:51,RIMAC Fitness Gym,Active,45,Not Busy (45%),68,150,True,open
2026-04-04T18:11:51-07:00,Saturday,2026-04-04,18:11:51,Triton Esports Center,Active,31,Not Busy (31%),11,35,True,open
2026-04-04T18:12:01-07:00,Saturday,2026-04-04,18:12:01,Main Gym Fitness Gym,Not Busy,10,Not Busy (10%),7,72,True,open
2026-04-04T18:12:01-07:00,Saturday,2026-04-04,18:12:01,Outback Climbing Center,Closed,5,Closed,1,30,False,Closed until 4:00pm
2026-04-04T18:12:01-07:00,Saturday,2026-04-04,18:12:01,RIMAC Fitness Gym,Active,46,Busy (46%),69,150,True,open
2026-04-04T18:12:01-07:00,Saturday,2026-04-04,18:12:01,Triton Esports Center,Active,31,Not Busy (31%),11,35,True,open
2026-04-04T18:16:03-07:00,Saturday,2026-04-04,18:16:03,Main Gym Fitness Gym,Not Busy,9,Not Busy (9%),6,72,True,open
2026-04-04T18:16:03-07:00,Saturday,2026-04-04,18:16:03,Outback Climbing Center,Closed,2,Closed,1,30,False,Closed until 4:00pm
2026-04-04T18:16:03-07:00,Saturday,2026-04-04,18:16:03,RIMAC Fitness Gym,Active,46,Busy (46%),69,150,True,open
2026-04-04T18:16:03-07:00,Saturday,2026-04-04,18:16:03,Triton Esports Center,Active,33,Not Busy (33%),12,35,True,open
2026-04-04T18:18:15-07:00,Saturday,2026-04-04,18:18:15,Main Gym Fitness Gym,Not Busy,8,Not Busy (8%),6,72,True,open
2026-04-04T18:18:15-07:00,Saturday,2026-04-04,18:18:15,Outback Climbing Center,Closed,2,Closed,1,30,False,Closed until 4:00pm
2026-04-04T18:18:15-07:00,Saturday,2026-04-04,18:18:15,RIMAC Fitness Gym,Active,46,Busy (46%),69,150,True,open
2026-04-04T18:18:15-07:00,Saturday,2026-04-04,18:18:15,Triton Esports Center,Active,39,Not Busy (39%),13,35,True,open
2026-04-04T18:20:06-07:00,Saturday,2026-04-04,18:20:06,Main Gym Fitness Gym,Not Busy,11,Not Busy (11%),8,72,True,open
2026-04-04T18:20:06-07:00,Saturday,2026-04-04,18:20:06,Outback Climbing Center,Closed,1,Closed,0,30,False,Closed until 4:00pm
2026-04-04T18:20:06-07:00,Saturday,2026-04-04,18:20:06,RIMAC Fitness Gym,Active,44,Not Busy (44%),66,150,True,open
2026-04-04T18:20:06-07:00,Saturday,2026-04-04,18:20:06,Triton Esports Center,Active,37,Not Busy (37%),13,35,True,open
2026-04-04T18:30:04-07:00,Saturday,2026-04-04,18:30:04,Main Gym Fitness Gym,Not Busy,13,Not Busy (13%),9,72,True,open
2026-04-04T18:30:04-07:00,Saturday,2026-04-04,18:30:04,Outback Climbing Center,Closed,4,Closed,1,30,False,Closed until 4:00pm
2026-04-04T18:30:04-07:00,Saturday,2026-04-04,18:30:04,RIMAC Fitness Gym,Busy,54,Busy (54%),81,150,True,open
2026-04-04T18:30:04-07:00,Saturday,2026-04-04,18:30:04,Triton Esports Center,Active,26,Not Busy (26%),9,35,True,open
2026-04-04T18:45:04-07:00,Saturday,2026-04-04,18:45:04,Main Gym Fitness Gym,Not Busy,22,Not Busy (22%),16,72,True,open
2026-04-04T18:45:04-07:00,Saturday,2026-04-04,18:45:04,Outback Climbing Center,Closed,1,Closed,0,30,False,Closed until 4:00pm
2026-04-04T18:45:04-07:00,Saturday,2026-04-04,18:45:04,RIMAC Fitness Gym,Active,43,Not Busy (43%),64,150,True,open
2026-04-04T18:45:04-07:00,Saturday,2026-04-04,18:45:04,Triton Esports Center,Not Busy,24,Not Busy (24%),8,35,True,open
2026-04-04T19:00:04-07:00,Saturday,2026-04-04,19:00:04,Main Gym Fitness Gym,Not Busy,24,Not Busy (24%),18,72,True,open
2026-04-04T19:00:04-07:00,Saturday,2026-04-04,19:00:04,Outback Climbing Center,Closed,1,Closed,0,30,False,Closed until 4:00pm
2026-04-04T19:00:04-07:00,Saturday,2026-04-04,19:00:04,RIMAC Fitness Gym,Active,43,Not Busy (43%),64,150,True,open
2026-04-04T19:00:04-07:00,Saturday,2026-04-04,19:00:04,Triton Esports Center,Active,29,Not Busy (29%),10,35,True,open
2026-04-04T19:15:04-07:00,Saturday,2026-04-04,19:15:04,Main Gym Fitness Gym,Active,25,Not Busy (25%),18,72,True,open
2026-04-04T19:15:04-07:00,Saturday,2026-04-04,19:15:04,Outback Climbing Center,Closed,9,Closed,3,30,False,Closed until 4:00pm
2026-04-04T19:15:04-07:00,Saturday,2026-04-04,19:15:04,RIMAC Fitness Gym,Busy,51,Busy (51%),76,150,True,open
2026-04-04T19:15:04-07:00,Saturday,2026-04-04,19:15:04,Triton Esports Center,Active,33,Not Busy (33%),11,35,True,open
2026-04-04T19:30:04-07:00,Saturday,2026-04-04,19:30:04,Main Gym Fitness Gym,Not Busy,16,Not Busy (16%),11,72,True,open
2026-04-04T19:30:04-07:00,Saturday,2026-04-04,19:30:04,Outback Climbing Center,Closed,1,Closed,0,30,False,Closed until 4:00pm
2026-04-04T19:30:04-07:00,Saturday,2026-04-04,19:30:04,RIMAC Fitness Gym,Active,36,Not Busy (36%),54,150,True,open
2026-04-04T19:30:04-07:00,Saturday,2026-04-04,19:30:04,Triton Esports Center,Active,31,Not Busy (31%),11,35,True,open
2026-04-04T19:45:04-07:00,Saturday,2026-04-04,19:45:04,Main Gym Fitness Gym,Not Busy,17,Not Busy (17%),12,72,True,open
2026-04-04T19:45:04-07:00,Saturday,2026-04-04,19:45:04,Outback Climbing Center,Closed,2,Closed,0,30,False,Closed until 4:00pm
2026-04-04T19:45:04-07:00,Saturday,2026-04-04,19:45:04,RIMAC Fitness Gym,Active,38,Not Busy (38%),57,150,True,open
2026-04-04T19:45:04-07:00,Saturday,2026-04-04,19:45:04,Triton Esports Center,Active,32,Not Busy (32%),11,35,True,open
2026-04-04T20:00:04-07:00,Saturday,2026-04-04,20:00:04,Main Gym Fitness Gym,Active,25,Not Busy (25%),18,72,True,open
2026-04-04T20:00:04-07:00,Saturday,2026-04-04,20:00:04,Outback Climbing Center,Closed,3,Closed,1,30,False,Closed until 4:00pm
2026-04-04T20:00:04-07:00,Saturday,2026-04-04,20:00:04,RIMAC Fitness Gym,Busy,50,Busy (50%),76,150,True,open
2026-04-04T20:00:04-07:00,Saturday,2026-04-04,20:00:04,Triton Esports Center,Active,42,Not Busy (42%),15,35,True,open
2026-04-04T20:15:04-07:00,Saturday,2026-04-04,20:15:04,Main Gym Fitness Gym,Not Busy,15,Not Busy (15%),11,72,True,open
2026-04-04T20:15:04-07:00,Saturday,2026-04-04,20:15:04,Outback Climbing Center,Closed,1,Closed,0,30,False,Closed until 4:00pm
2026-04-04T20:15:04-07:00,Saturday,2026-04-04,20:15:04,RIMAC Fitness Gym,Busy,50,Busy (50%),75,150,True,open
2026-04-04T20:15:04-07:00,Saturday,2026-04-04,20:15:04,Triton Esports Center,Active,38,Not Busy (38%),13,35,True,open
2026-04-04T20:30:04-07:00,Saturday,2026-04-04,20:30:04,Main Gym Fitness Gym,Active,33,Not Busy (33%),24,72,True,open
2026-04-04T20:30:04-07:00,Saturday,2026-04-04,20:30:04,Outback Climbing Center,Closed,1,Closed,0,30,False,Closed until 4:00pm
2026-04-04T20:30:04-07:00,Saturday,2026-04-04,20:30:04,RIMAC Fitness Gym,Active,49,Busy (49%),74,150,True,open
2026-04-04T20:30:04-07:00,Saturday,2026-04-04,20:30:04,Triton Esports Center,Active,32,Not Busy (32%),11,35,True,open
2026-04-04T20:45:04-07:00,Saturday,2026-04-04,20:45:04,Main Gym Fitness Gym,Not Busy,9,Not Busy (9%),6,72,True,open
2026-04-04T20:45:04-07:00,Saturday,2026-04-04,20:45:04,Outback Climbing Center,Closed,1,Closed,0,30,False,Closed until 4:00pm
2026-04-04T20:45:04-07:00,Saturday,2026-04-04,20:45:04,RIMAC Fitness Gym,Active,45,Not Busy (45%),68,150,True,open
2026-04-04T20:45:04-07:00,Saturday,2026-04-04,20:45:04,Triton Esports Center,Active,40,Not Busy (40%),14,35,True,open
2026-04-04T21:00:05-07:00,Saturday,2026-04-04,21:00:05,Main Gym Fitness Gym,Active,29,Not Busy (29%),21,72,True,open
2026-04-04T21:00:05-07:00,Saturday,2026-04-04,21:00:05,Outback Climbing Center,Closed,2,Closed,0,30,False,Closed until 4:00pm
2026-04-04T21:00:05-07:00,Saturday,2026-04-04,21:00:05,RIMAC Fitness Gym,Active,47,Busy (47%),71,150,True,open
2026-04-04T21:00:05-07:00,Saturday,2026-04-04,21:00:05,Triton Esports Center,Active,37,Not Busy (37%),13,35,True,open
2026-04-04T21:15:04-07:00,Saturday,2026-04-04,21:15:04,Main Gym Fitness Gym,Not Busy,18,Not Busy (18%),13,72,True,open
2026-04-04T21:15:04-07:00,Saturday,2026-04-04,21:15:04,Outback Climbing Center,Closed,2,Closed,1,30,False,Closed until 4:00pm
2026-04-04T21:15:04-07:00,Saturday,2026-04-04,21:15:04,RIMAC Fitness Gym,Active,48,Busy (48%),72,150,True,open
2026-04-04T21:15:04-07:00,Saturday,2026-04-04,21:15:04,Triton Esports Center,Active,28,Not Busy (28%),10,35,True,open
2026-04-04T21:30:04-07:00,Saturday,2026-04-04,21:30:04,Main Gym Fitness Gym,Not Busy,24,Not Busy (24%),17,72,True,open
2026-04-04T21:30:04-07:00,Saturday,2026-04-04,21:30:04,Outback Climbing Center,Closed,1,Closed,0,30,False,Closed until 4:00pm
2026-04-04T21:30:04-07:00,Saturday,2026-04-04,21:30:04,RIMAC Fitness Gym,Active,43,Not Busy (43%),64,150,True,open
2026-04-04T21:30:04-07:00,Saturday,2026-04-04,21:30:04,Triton Esports Center,Not Busy,23,Not Busy (23%),8,35,True,open
2026-04-04T21:45:04-07:00,Saturday,2026-04-04,21:45:04,Main Gym Fitness Gym,Not Busy,21,Not Busy (21%),15,72,True,open
2026-04-04T21:45:04-07:00,Saturday,2026-04-04,21:45:04,Outback Climbing Center,Closed,2,Closed,0,30,False,Closed until 4:00pm
2026-04-04T21:45:04-07:00,Saturday,2026-04-04,21:45:04,RIMAC Fitness Gym,Active,44,Not Busy (44%),66,150,True,open
2026-04-04T21:45:04-07:00,Saturday,2026-04-04,21:45:04,Triton Esports Center,Not Busy,21,Not Busy (21%),7,35,True,open
2026-04-04T22:00:04-07:00,Saturday,2026-04-04,22:00:04,Main Gym Fitness Gym,Active,27,Not Busy (27%),20,72,True,open
2026-04-04T22:00:04-07:00,Saturday,2026-04-04,22:00:04,Outback Climbing Center,Closed,1,Closed,0,30,False,Closed until 4:00pm
2026-04-04T22:00:04-07:00,Saturday,2026-04-04,22:00:04,RIMAC Fitness Gym,Active,34,Not Busy (34%),52,150,True,open
2026-04-04T22:00:04-07:00,Saturday,2026-04-04,22:00:04,Triton Esports Center,Closed,13,Closed,5,35,False,Closed until 11:00am
2026-04-04T22:15:04-07:00,Saturday,2026-04-04,22:15:04,Main Gym Fitness Gym,Active,33,Not Busy (33%),24,72,True,open
2026-04-04T22:15:04-07:00,Saturday,2026-04-04,22:15:04,Outback Climbing Center,Closed,1,Closed,0,30,False,Closed until 4:00pm
2026-04-04T22:15:04-07:00,Saturday,2026-04-04,22:15:04,RIMAC Fitness Gym,Active,36,Not Busy (36%),54,150,True,open
2026-04-04T22:15:04-07:00,Saturday,2026-04-04,22:15:04,Triton Esports Center,Closed,0,Closed,0,35,False,Closed until 11:00am
2026-04-04T22:30:05-07:00,Saturday,2026-04-04,22:30:05,Main Gym Fitness Gym,Not Busy,20,Not Busy (20%),14,72,True,open
2026-04-04T22:30:05-07:00,Saturday,2026-04-04,22:30:05,Outback Climbing Center,Closed,2,Closed,1,30,False,Closed until 4:00pm
2026-04-04T22:30:05-07:00,Saturday,2026-04-04,22:30:05,RIMAC Fitness Gym,Active,31,Not Busy (31%),46,150,True,open
2026-04-04T22:30:05-07:00,Saturday,2026-04-04,22:30:05,Triton Esports Center,Closed,0,Closed,0,35,False,Closed until 11:00am
2026-04-04T22:45:04-07:00,Saturday,2026-04-04,22:45:04,Main Gym Fitness Gym,Not Busy,23,Not Busy (23%),17,72,True,open
2026-04-04T22:45:04-07:00,Saturday,2026-04-04,22:45:04,Outback Climbing Center,Closed,1,Closed,0,30,False,Closed until 4:00pm
2026-04-04T22:45:04-07:00,Saturday,2026-04-04,22:45:04,RIMAC Fitness Gym,Not Busy,16,Not Busy (16%),24,150,True,open
2026-04-04T22:45:04-07:00,Saturday,2026-04-04,22:45:04,Triton Esports Center,Closed,0,Closed,0,35,False,Closed until 11:00am
2026-04-04T23:00:04-07:00,Saturday,2026-04-04,23:00:04,Main Gym Fitness Gym,Closed,30,Closed,22,72,False,Closed until 8:00am
2026-04-04T23:00:04-07:00,Saturday,2026-04-04,23:00:04,Outback Climbing Center,Closed,2,Closed,1,30,False,Closed until 4:00pm
2026-04-04T23:00:04-07:00,Saturday,2026-04-04,23:00:04,RIMAC Fitness Gym,Closed,6,Closed,10,150,False,Closed until 8:00am
2026-04-04T23:00:04-07:00,Saturday,2026-04-04,23:00:04,Triton Esports Center,Closed,0,Closed,0,35,False,Closed until 11:00am
2026-04-04T23:15:04-07:00,Saturday,2026-04-04,23:15:04,Main Gym Fitness Gym,Closed,1,Closed,1,72,False,Closed until 8:00am
2026-04-04T23:15:04-07:00,Saturday,2026-04-04,23:15:04,Outback Climbing Center,Closed,1,Closed,0,30,False,Closed until 4:00pm
2026-04-04T23:15:04-07:00,Saturday,2026-04-04,23:15:04,RIMAC Fitness Gym,Closed,1,Closed,1,150,False,Closed until 8:00am
2026-04-04T23:15:04-07:00,Saturday,2026-04-04,23:15:04,Triton Esports Center,Closed,0,Closed,0,35,False,Closed until 11:00am
2026-04-04T23:30:04-07:00,Saturday,2026-04-04,23:30:04,Main Gym Fitness Gym,Closed,1,Closed,1,72,False,Closed until 8:00am
2026-04-04T23:30:04-07:00,Saturday,2026-04-04,23:30:04,Outback Climbing Center,Closed,2,Closed,1,30,False,Closed until 4:00pm
2026-04-04T23:30:04-07:00,Saturday,2026-04-04,23:30:04,RIMAC Fitness Gym,Closed,0,Closed,0,150,False,Closed until 8:00am
2026-04-04T23:30:04-07:00,Saturday,2026-04-04,23:30:04,Triton Esports Center,Closed,0,Closed,0,35,False,Closed until 11:00am
2026-04-04T23:45:04-07:00,Saturday,2026-04-04,23:45:04,Main Gym Fitness Gym,Closed,1,Closed,1,72,False,Closed until 8:00am
2026-04-04T23:45:04-07:00,Saturday,2026-04-04,23:45:04,Outback Climbing Center,Closed,1,Closed,0,30,False,Closed until 4:00pm
2026-04-04T23:45:04-07:00,Saturday,2026-04-04,23:45:04,RIMAC Fitness Gym,Closed,1,Closed,2,150,False,Closed until 8:00am
2026-04-04T23:45:04-07:00,Saturday,2026-04-04,23:45:04,Triton Esports Center,Closed,0,Closed,0,35,False,Closed until 11:00am
2026-04-05T00:00:03-07:00,Sunday,2026-04-05,00:00:03,Main Gym Fitness Gym,Closed,1,Closed,1,72,False,Closed until 8:00am
2026-04-05T00:00:03-07:00,Sunday,2026-04-05,00:00:03,Outback Climbing Center,Closed,2,Closed,1,30,False,Closed until 4:00pm
2026-04-05T00:00:03-07:00,Sunday,2026-04-05,00:00:03,RIMAC Fitness Gym,Closed,2,Closed,3,150,False,Closed until 8:00am
2026-04-05T00:00:03-07:00,Sunday,2026-04-05,00:00:03,Triton Esports Center,Closed,0,Closed,0,35,False,Closed until 11:00am
2026-04-05T00:15:04-07:00,Sunday,2026-04-05,00:15:04,Main Gym Fitness Gym,Closed,1,Closed,1,72,False,Closed until 8:00am
2026-04-05T00:15:04-07:00,Sunday,2026-04-05,00:15:04,Outback Climbing Center,Closed,2,Closed,1,30,False,Closed until 4:00pm
2026-04-05T00:15:04-07:00,Sunday,2026-04-05,00:15:04,RIMAC Fitness Gym,Closed,2,Closed,2,150,False,Closed until 8:00am
2026-04-05T00:15:04-07:00,Sunday,2026-04-05,00:15:04,Triton Esports Center,Closed,0,Closed,0,35,False,Closed until 11:00am
2026-04-05T00:30:04-07:00,Sunday,2026-04-05,00:30:04,Main Gym Fitness Gym,Closed,2,Closed,1,72,False,Closed until 8:00am
2026-04-05T00:30:04-07:00,Sunday,2026-04-05,00:30:04,Outback Climbing Center,Closed,2,Closed,1,30,False,Closed until 4:00pm
2026-04-05T00:30:04-07:00,Sunday,2026-04-05,00:30:04,RIMAC Fitness Gym,Closed,0,Closed,0,150,False,Closed until 8:00am
2026-04-05T00:30:04-07:00,Sunday,2026-04-05,00:30:04,Triton Esports Center,Closed,0,Closed,0,35,False,Closed until 11:00am
2026-04-05T00:45:04-07:00,Sunday,2026-04-05,00:45:04,Main Gym Fitness Gym,Closed,2,Closed,1,72,False,Closed until 8:00am
2026-04-05T00:45:04-07:00,Sunday,2026-04-05,00:45:04,Outback Climbing Center,Closed,2,Closed,0,30,False,Closed until 4:00pm
2026-04-05T00:45:04-07:00,Sunday,2026-04-05,00:45:04,RIMAC Fitness Gym,Closed,0,Closed,0,150,False,Closed until 8:00am
2026-04-05T00:45:04-07:00,Sunday,2026-04-05,00:45:04,Triton Esports Center,Closed,0,Closed,0,35,False,Closed until 11:00am
2026-04-05T01:00:04-07:00,Sunday,2026-04-05,01:00:04,Main Gym Fitness Gym,Closed,3,Closed,2,72,False,Closed until 8:00am
2026-04-05T01:00:04-07:00,Sunday,2026-04-05,01:00:04,Outback Climbing Center,Closed,1,Closed,0,30,False,Closed until 4:00pm
2026-04-05T01:00:04-07:00,Sunday,2026-04-05,01:00:04,RIMAC Fitness Gym,Closed,0,Closed,0,150,False,Closed until 8:00am
2026-04-05T01:00:04-07:00,Sunday,2026-04-05,01:00:04,Triton Esports Center,Closed,0,Closed,0,35,False,Closed until 11:00am
2026-04-05T01:15:04-07:00,Sunday,2026-04-05,01:15:04,Main Gym Fitness Gym,Closed,2,Closed,1,72,False,Closed until 8:00am
2026-04-05T01:15:04-07:00,Sunday,2026-04-05,01:15:04,Outback Climbing Center,Closed,3,Closed,1,30,False,Closed until 4:00pm
2026-04-05T01:15:04-07:00,Sunday,2026-04-05,01:15:04,RIMAC Fitness Gym,Closed,0,Closed,0,150,False,Closed until 8:00am
2026-04-05T01:15:04-07:00,Sunday,2026-04-05,01:15:04,Triton Esports Center,Closed,0,Closed,0,35,False,Closed until 11:00am
2026-04-05T03:00:05-07:00,Sunday,2026-04-05,03:00:05,Main Gym Fitness Gym,Closed,2,Closed,1,72,False,Closed until 8:00am
2026-04-05T03:00:05-07:00,Sunday,2026-04-05,03:00:05,Outback Climbing Center,Closed,5,Closed,1,30,False,Closed until 4:00pm
2026-04-05T03:00:05-07:00,Sunday,2026-04-05,03:00:05,RIMAC Fitness Gym,Closed,0,Closed,0,150,False,Closed until 8:00am
2026-04-05T03:00:05-07:00,Sunday,2026-04-05,03:00:05,Triton Esports Center,Closed,0,Closed,0,35,False,Closed until 11:00am
2026-04-05T04:31:00-07:00,Sunday,2026-04-05,04:31:00,Main Gym Fitness Gym,Closed,1,Closed,1,72,False,Closed until 8:00am
2026-04-05T04:31:00-07:00,Sunday,2026-04-05,04:31:00,Outback Climbing Center,Closed,1,Closed,0,30,False,Closed until 4:00pm
2026-04-05T04:31:00-07:00,Sunday,2026-04-05,04:31:00,RIMAC Fitness Gym,Closed,0,Closed,0,150,False,Closed until 8:00am
2026-04-05T04:31:00-07:00,Sunday,2026-04-05,04:31:00,Triton Esports Center,Closed,0,Closed,0,35,False,Closed until 11:00am
2026-04-05T06:00:46-07:00,Sunday,2026-04-05,06:00:46,Main Gym Fitness Gym,Closed,1,Closed,1,72,False,Closed until 8:00am
2026-04-05T06:00:46-07:00,Sunday,2026-04-05,06:00:46,Outback Climbing Center,Closed,1,Closed,0,30,False,Closed until 4:00pm
2026-04-05T06:00:46-07:00,Sunday,2026-04-05,06:00:46,RIMAC Fitness Gym,Closed,0,Closed,0,150,False,Closed until 8:00am
2026-04-05T06:00:46-07:00,Sunday,2026-04-05,06:00:46,Triton Esports Center,Closed,0,Closed,0,35,False,Closed until 11:00am
2026-04-05T07:15:40-07:00,Sunday,2026-04-05,07:15:40,Main Gym Fitness Gym,Closed,2,Closed,1,72,False,Closed until 8:00am
2026-04-05T07:15:40-07:00,Sunday,2026-04-05,07:15:40,Outback Climbing Center,Closed,1,Closed,0,30,False,Closed until 4:00pm
2026-04-05T07:15:40-07:00,Sunday,2026-04-05,07:15:40,RIMAC Fitness Gym,Closed,0,Closed,0,150,False,Closed until 8:00am
2026-04-05T07:15:40-07:00,Sunday,2026-04-05,07:15:40,Triton Esports Center,Closed,0,Closed,0,35,False,Closed until 11:00am
2026-04-05T08:30:39-07:00,Sunday,2026-04-05,08:30:39,Main Gym Fitness Gym,Not Busy,15,Not Busy (15%),11,72,True,open
2026-04-05T08:30:39-07:00,Sunday,2026-04-05,08:30:39,Outback Climbing Center,Closed,2,Closed,1,30,False,Closed until 4:00pm
2026-04-05T08:30:39-07:00,Sunday,2026-04-05,08:30:39,RIMAC Fitness Gym,Not Busy,21,Not Busy (21%),32,150,True,open
2026-04-05T08:30:39-07:00,Sunday,2026-04-05,08:30:39,Triton Esports Center,Closed,0,Closed,0,35,False,Closed until 11:00am
2026-04-05T09:45:08-07:00,Sunday,2026-04-05,09:45:08,Main Gym Fitness Gym,Not Busy,7,Not Busy (7%),5,72,True,open
2026-04-05T09:45:08-07:00,Sunday,2026-04-05,09:45:08,Outback Climbing Center,Closed,2,Closed,1,30,False,Closed until 4:00pm
2026-04-05T09:45:08-07:00,Sunday,2026-04-05,09:45:08,RIMAC Fitness Gym,Active,26,Not Busy (26%),39,150,True,open
2026-04-05T09:45:08-07:00,Sunday,2026-04-05,09:45:08,Triton Esports Center,Closed,0,Closed,0,35,False,Closed until 11:00am
2026-04-05T10:00:04-07:00,Sunday,2026-04-05,10:00:04,Main Gym Fitness Gym,Not Busy,18,Not Busy (18%),13,72,True,open
2026-04-05T10:00:04-07:00,Sunday,2026-04-05,10:00:04,Outback Climbing Center,Closed,3,Closed,1,30,False,Closed until 4:00pm
2026-04-05T10:00:04-07:00,Sunday,2026-04-05,10:00:04,RIMAC Fitness Gym,Active,35,Not Busy (35%),53,150,True,open
2026-04-05T10:00:04-07:00,Sunday,2026-04-05,10:00:04,Triton Esports Center,Closed,0,Closed,0,35,False,Closed until 11:00am
2026-04-05T10:15:04-07:00,Sunday,2026-04-05,10:15:04,Main Gym Fitness Gym,Not Busy,7,Not Busy (7%),5,72,True,open
2026-04-05T10:15:04-07:00,Sunday,2026-04-05,10:15:04,Outback Climbing Center,Closed,2,Closed,1,30,False,Closed until 4:00pm
2026-04-05T10:15:04-07:00,Sunday,2026-04-05,10:15:04,RIMAC Fitness Gym,Active,40,Not Busy (40%),59,150,True,open
2026-04-05T10:15:04-07:00,Sunday,2026-04-05,10:15:04,Triton Esports Center,Closed,0,Closed,0,35,False,Closed until 11:00am
2026-04-05T10:30:05-07:00,Sunday,2026-04-05,10:30:05,Main Gym Fitness Gym,Not Busy,1,Not Busy (1%),1,72,True,open
2026-04-05T10:30:05-07:00,Sunday,2026-04-05,10:30:05,Outback Climbing Center,Closed,1,Closed,0,30,False,Closed until 4:00pm
2026-04-05T10:30:05-07:00,Sunday,2026-04-05,10:30:05,RIMAC Fitness Gym,Active,34,Not Busy (34%),50,150,True,open
2026-04-05T10:30:05-07:00,Sunday,2026-04-05,10:30:05,Triton Esports Center,Closed,0,Closed,0,35,False,Closed until 11:00am
2026-04-05T10:45:04-07:00,Sunday,2026-04-05,10:45:04,Main Gym Fitness Gym,Active,31,Not Busy (31%),22,72,True,open
2026-04-05T10:45:04-07:00,Sunday,2026-04-05,10:45:04,Outback Climbing Center,Closed,2,Closed,1,30,False,Closed until 4:00pm
2026-04-05T10:45:04-07:00,Sunday,2026-04-05,10:45:04,RIMAC Fitness Gym,Active,35,Not Busy (35%),53,150,True,open
2026-04-05T10:45:04-07:00,Sunday,2026-04-05,10:45:04,Triton Esports Center,Closed,0,Closed,0,35,False,Closed until 11:00am
2026-04-05T11:00:04-07:00,Sunday,2026-04-05,11:00:04,Main Gym Fitness Gym,Active,29,Not Busy (29%),21,72,True,open
2026-04-05T11:00:04-07:00,Sunday,2026-04-05,11:00:04,Outback Climbing Center,Closed,8,Closed,2,30,False,Closed until 4:00pm
2026-04-05T11:00:04-07:00,Sunday,2026-04-05,11:00:04,RIMAC Fitness Gym,Active,32,Not Busy (32%),47,150,True,open
2026-04-05T11:00:04-07:00,Sunday,2026-04-05,11:00:04,Triton Esports Center,Not Busy,0,Not Busy (0%),0,35,True,open
2026-04-05T11:15:04-07:00,Sunday,2026-04-05,11:15:04,Main Gym Fitness Gym,Very Active,99,Very Busy (99%),81,72,True,open
2026-04-05T11:15:04-07:00,Sunday,2026-04-05,11:15:04,Outback Climbing Center,Closed,1,Closed,0,30,False,Closed until 4:00pm
2026-04-05T11:15:04-07:00,Sunday,2026-04-05,11:15:04,RIMAC Fitness Gym,Active,26,Not Busy (26%),39,150,True,open
2026-04-05T11:15:04-07:00,Sunday,2026-04-05,11:15:04,Triton Esports Center,Not Busy,0,Not Busy (0%),0,35,True,open
2026-04-05T11:30:04-07:00,Sunday,2026-04-05,11:30:04,Main Gym Fitness Gym,Not Busy,22,Not Busy (22%),16,72,True,open
2026-04-05T11:30:04-07:00,Sunday,2026-04-05,11:30:04,Outback Climbing Center,Closed,2,Closed,1,30,False,Closed until 4:00pm
2026-04-05T11:30:04-07:00,Sunday,2026-04-05,11:30:04,RIMAC Fitness Gym,Active,35,Not Busy (35%),52,150,True,open
2026-04-05T11:30:04-07:00,Sunday,2026-04-05,11:30:04,Triton Esports Center,Not Busy,0,Not Busy (0%),0,35,True,open
2026-04-05T11:45:04-07:00,Sunday,2026-04-05,11:45:04,Main Gym Fitness Gym,Not Busy,24,Not Busy (24%),18,72,True,open
2026-04-05T11:45:04-07:00,Sunday,2026-04-05,11:45:04,Outback Climbing Center,Closed,4,Closed,1,30,False,Closed until 4:00pm
2026-04-05T11:45:04-07:00,Sunday,2026-04-05,11:45:04,RIMAC Fitness Gym,Active,30,Not Busy (30%),46,150,True,open
2026-04-05T11:45:04-07:00,Sunday,2026-04-05,11:45:04,Triton Esports Center,Not Busy,0,Not Busy (0%),0,35,True,open
2026-04-05T12:00:04-07:00,Sunday,2026-04-05,12:00:04,Main Gym Fitness Gym,Not Busy,13,Not Busy (13%),9,72,True,open
2026-04-05T12:00:04-07:00,Sunday,2026-04-05,12:00:04,Outback Climbing Center,Closed,3,Closed,1,30,False,Closed until 4:00pm
2026-04-05T12:00:04-07:00,Sunday,2026-04-05,12:00:04,RIMAC Fitness Gym,Active,27,Not Busy (27%),41,150,True,open
2026-04-05T12:00:04-07:00,Sunday,2026-04-05,12:00:04,Triton Esports Center,Not Busy,0,Not Busy (0%),0,35,True,open
2026-04-05T12:15:04-07:00,Sunday,2026-04-05,12:15:04,Main Gym Fitness Gym,Not Busy,22,Not Busy (22%),16,72,True,open
2026-04-05T12:15:04-07:00,Sunday,2026-04-05,12:15:04,Outback Climbing Center,Closed,7,Closed,2,30,False,Closed until 4:00pm
2026-04-05T12:15:04-07:00,Sunday,2026-04-05,12:15:04,RIMAC Fitness Gym,Active,29,Not Busy (29%),44,150,True,open
2026-04-05T12:15:04-07:00,Sunday,2026-04-05,12:15:04,Triton Esports Center,Not Busy,0,Not Busy (0%),0,35,True,open
2026-04-05T12:30:04-07:00,Sunday,2026-04-05,12:30:04,Main Gym Fitness Gym,Active,45,Not Busy (45%),33,72,True,open
2026-04-05T12:30:04-07:00,Sunday,2026-04-05,12:30:04,Outback Climbing Center,Closed,4,Closed,1,30,False,Closed until 4:00pm
2026-04-05T12:30:04-07:00,Sunday,2026-04-05,12:30:04,RIMAC Fitness Gym,Active,25,Not Busy (25%),38,150,True,open
2026-04-05T12:30:04-07:00,Sunday,2026-04-05,12:30:04,Triton Esports Center,Not Busy,0,Not Busy (0%),0,35,True,open
2026-04-05T12:45:04-07:00,Sunday,2026-04-05,12:45:04,Main Gym Fitness Gym,Not Busy,22,Not Busy (22%),15,72,True,open
2026-04-05T12:45:04-07:00,Sunday,2026-04-05,12:45:04,Outback Climbing Center,Closed,10,Closed,3,30,False,Closed until 4:00pm
2026-04-05T12:45:04-07:00,Sunday,2026-04-05,12:45:04,RIMAC Fitness Gym,Active,27,Not Busy (27%),41,150,True,open
2026-04-05T12:45:04-07:00,Sunday,2026-04-05,12:45:04,Triton Esports Center,Not Busy,0,Not Busy (0%),0,35,True,open
2026-04-05T13:00:04-07:00,Sunday,2026-04-05,13:00:04,Main Gym Fitness Gym,Not Busy,22,Not Busy (22%),16,72,True,open
2026-04-05T13:00:04-07:00,Sunday,2026-04-05,13:00:04,Outback Climbing Center,Closed,10,Closed,3,30,False,Closed until 4:00pm
2026-04-05T13:00:04-07:00,Sunday,2026-04-05,13:00:04,RIMAC Fitness Gym,Active,30,Not Busy (30%),44,150,True,open
2026-04-05T13:00:04-07:00,Sunday,2026-04-05,13:00:04,Triton Esports Center,Not Busy,5,Not Busy (5%),2,35,True,open
